file,line,type,commit,author,date,time,timezone,datetime,depth,length
style.css,1,css,22397706,Jwanderer73,2026-04-07,00:46:37,-07:00,2026-04-07T00:46:37-07:00,0,5
style.css,2,css,680dbef9,Jwanderer73,2026-04-14,19:57:04,-07:00,2026-04-14T19:57:04-07:00,1,23
style.css,3,css,22397706,Jwanderer73,2026-04-07,00:46:37,-07:00,2026-04-07T00:46:37-07:00,1,33
style.css,4,css,22397706,Jwanderer73,2026-04-07,00:46:37,-07:00,2026-04-07T00:46:37-07:00,0,0
style.css,5,css,22397706,Jwanderer73,2026-04-07,00:46:37,-07:00,2026-04-07T00:46:37-07:00,0,0
style.css,6,css,67603025,Jwanderer73,2026-04-01,20:18:55,-07:00,2026-04-01T20:18:55-07:00,0,4
style.css,7,css,680dbef9,Jwanderer73,2026-04-14,19:57:04,-07:00,2026-04-14T19:57:04-07:00,1,17
style.css,8,css,22397706,Jwanderer73,2026-04-07,00:46:37,-07:00,2026-04-07T00:46:37-07:00,1,32
style.css,9,css,22397706,Jwanderer73,2026-04-07,00:46:37,-07:00,2026-04-07T00:46:37-07:00,1,23
style.css,10,css,22397706,Jwanderer73,2026-04-07,00:46:37,-07:00,2026-04-07T00:46:37-07:00,1,15
style.css,11,css,22397706,Jwanderer73,2026-04-07,00:46:37,-07:00,2026-04-07T00:46:37-07:00,1,11
style.css,12,css,22397706,Jwanderer73,2026-04-07,00:46:37,-07:00,2026-04-07T00:46:37-07:00,1,12
style.css,13,css,22397706,Jwanderer73,2026-04-07,00:46:37,-07:00,2026-04-07T00:46:37-07:00,0,0
style.css,14,css,22397706,Jwanderer73,2026-04-07,00:46:37,-07:00,2026-04-07T00:46:37-07:00,0,0
style.css,15,css,22397706,Jwanderer73,2026-04-07,00:46:37,-07:00,2026-04-07T00:46:37-07:00,0,3
style.css,16,css,680dbef9,Jwanderer73,2026-04-14,19:57:04,-07:00,2026-04-14T19:57:04-07:00,1,39
style.css,17,css,22397706,Jwanderer73,2026-04-07,00:46:37,-07:00,2026-04-07T00:46:37-07:00,1,12
style.css,18,css,22397706,Jwanderer73,2026-04-07,00:46:37,-07:00,2026-04-07T00:46:37-07:00,1,18
style.css,19,css,22397706,Jwanderer73,2026-04-07,00:46:37,-07:00,2026-04-07T00:46:37-07:00,1,23
style.css,20,css,22397706,Jwanderer73,2026-04-07,00:46:37,-07:00,2026-04-07T00:46:37-07:00,1,25
style.css,21,css,680dbef9,Jwanderer73,2026-04-14,19:57:04,-07:00,2026-04-14T19:57:04-07:00,1,39
style.css,22,css,22397706,Jwanderer73,2026-04-07,00:46:37,-07:00,2026-04-07T00:46:37-07:00,0,0
style.css,23,css,22397706,Jwanderer73,2026-04-07,00:46:37,-07:00,2026-04-07T00:46:37-07:00,0,0
style.css,24,css,22397706,Jwanderer73,2026-04-07,00:46:37,-07:00,2026-04-07T00:46:37-07:00,0,14
style.css,25,css,22397706,Jwanderer73,2026-04-07,00:46:37,-07:00,2026-04-07T00:46:37-07:00,1,16
style.css,26,css,22397706,Jwanderer73,2026-04-07,00:46:37,-07:00,2026-04-07T00:46:37-07:00,0,0
style.css,27,css,22397706,Jwanderer73,2026-04-07,00:46:37,-07:00,2026-04-07T00:46:37-07:00,0,0
style.css,28,css,22397706,Jwanderer73,2026-04-07,00:46:37,-07:00,2026-04-07T00:46:37-07:00,0,5
style.css,29,css,22397706,Jwanderer73,2026-04-07,00:46:37,-07:00,2026-04-07T00:46:37-07:00,1,6
style.css,30,css,22397706,Jwanderer73,2026-04-07,00:46:37,-07:00,2026-04-07T00:46:37-07:00,1,20
style.css,31,css,22397706,Jwanderer73,2026-04-07,00:46:37,-07:00,2026-04-07T00:46:37-07:00,1,13
style.css,32,css,22397706,Jwanderer73,2026-04-07,00:46:37,-07:00,2026-04-07T00:46:37-07:00,1,17
style.css,33,css,22397706,Jwanderer73,2026-04-07,00:46:37,-07:00,2026-04-07T00:46:37-07:00,1,13
style.css,34,css,22397706,Jwanderer73,2026-04-07,00:46:37,-07:00,2026-04-07T00:46:37-07:00,0,0
style.css,35,css,22397706,Jwanderer73,2026-04-07,00:46:37,-07:00,2026-04-07T00:46:37-07:00,0,0
style.css,36,css,22397706,Jwanderer73,2026-04-07,00:46:37,-07:00,2026-04-07T00:46:37-07:00,0,11
style.css,37,css,22397706,Jwanderer73,2026-04-07,00:46:37,-07:00,2026-04-07T00:46:37-07:00,1,45
style.css,38,css,22397706,Jwanderer73,2026-04-07,00:46:37,-07:00,2026-04-07T00:46:37-07:00,1,34
style.css,39,css,22397706,Jwanderer73,2026-04-07,00:46:37,-07:00,2026-04-07T00:46:37-07:00,0,0
style.css,40,css,22397706,Jwanderer73,2026-04-07,00:46:37,-07:00,2026-04-07T00:46:37-07:00,0,0
style.css,41,css,22397706,Jwanderer73,2026-04-07,00:46:37,-07:00,2026-04-07T00:46:37-07:00,0,13
style.css,42,css,22397706,Jwanderer73,2026-04-07,00:46:37,-07:00,2026-04-07T00:46:37-07:00,1,43
style.css,43,css,22397706,Jwanderer73,2026-04-07,00:46:37,-07:00,2026-04-07T00:46:37-07:00,1,13
style.css,44,css,22397706,Jwanderer73,2026-04-07,00:46:37,-07:00,2026-04-07T00:46:37-07:00,1,34
style.css,45,css,c3cacc2b,Jwanderer73,2026-04-07,19:53:45,-07:00,2026-04-07T19:53:45-07:00,0,0
style.css,46,css,c3cacc2b,Jwanderer73,2026-04-07,19:53:45,-07:00,2026-04-07T19:53:45-07:00,0,0
style.css,47,css,680dbef9,Jwanderer73,2026-04-14,19:57:04,-07:00,2026-04-14T19:57:04-07:00,0,13
style.css,48,css,680dbef9,Jwanderer73,2026-04-14,19:57:04,-07:00,2026-04-14T19:57:04-07:00,1,17
style.css,49,css,680dbef9,Jwanderer73,2026-04-14,19:57:04,-07:00,2026-04-14T19:57:04-07:00,1,8
style.css,50,css,680dbef9,Jwanderer73,2026-04-14,19:57:04,-07:00,2026-04-14T19:57:04-07:00,1,10
style.css,51,css,680dbef9,Jwanderer73,2026-04-14,19:57:04,-07:00,2026-04-14T19:57:04-07:00,1,12
style.css,52,css,680dbef9,Jwanderer73,2026-04-14,19:57:04,-07:00,2026-04-14T19:57:04-07:00,1,18
style.css,53,css,680dbef9,Jwanderer73,2026-04-14,19:57:04,-07:00,2026-04-14T19:57:04-07:00,1,9
style.css,54,css,680dbef9,Jwanderer73,2026-04-14,19:57:04,-07:00,2026-04-14T19:57:04-07:00,1,15
style.css,55,css,680dbef9,Jwanderer73,2026-04-14,19:57:04,-07:00,2026-04-14T19:57:04-07:00,1,18
style.css,56,css,680dbef9,Jwanderer73,2026-04-14,19:57:04,-07:00,2026-04-14T19:57:04-07:00,1,11
style.css,57,css,680dbef9,Jwanderer73,2026-04-14,19:57:04,-07:00,2026-04-14T19:57:04-07:00,0,0
style.css,58,css,680dbef9,Jwanderer73,2026-04-14,19:57:04,-07:00,2026-04-14T19:57:04-07:00,0,0
style.css,59,css,680dbef9,Jwanderer73,2026-04-14,19:57:04,-07:00,2026-04-14T19:57:04-07:00,0,20
style.css,60,css,680dbef9,Jwanderer73,2026-04-14,19:57:04,-07:00,2026-04-14T19:57:04-07:00,1,62
style.css,61,css,680dbef9,Jwanderer73,2026-04-14,19:57:04,-07:00,2026-04-14T19:57:04-07:00,1,17
style.css,62,css,680dbef9,Jwanderer73,2026-04-14,19:57:04,-07:00,2026-04-14T19:57:04-07:00,1,22
style.css,63,css,680dbef9,Jwanderer73,2026-04-14,19:57:04,-07:00,2026-04-14T19:57:04-07:00,1,13
style.css,64,css,680dbef9,Jwanderer73,2026-04-14,19:57:04,-07:00,2026-04-14T19:57:04-07:00,1,20
style.css,65,css,680dbef9,Jwanderer73,2026-04-14,19:57:04,-07:00,2026-04-14T19:57:04-07:00,1,14
style.css,66,css,680dbef9,Jwanderer73,2026-04-14,19:57:04,-07:00,2026-04-14T19:57:04-07:00,0,0
style.css,67,css,680dbef9,Jwanderer73,2026-04-14,19:57:04,-07:00,2026-04-14T19:57:04-07:00,0,0
style.css,68,css,6a82da8d,Jwanderer73,2026-04-07,22:30:45,-07:00,2026-04-07T22:30:45-07:00,0,22
style.css,69,css,6a82da8d,Jwanderer73,2026-04-07,22:30:45,-07:00,2026-04-07T22:30:45-07:00,1,15
style.css,70,css,6a82da8d,Jwanderer73,2026-04-07,22:30:45,-07:00,2026-04-07T22:30:45-07:00,1,17
style.css,71,css,6a82da8d,Jwanderer73,2026-04-07,22:30:45,-07:00,2026-04-07T22:30:45-07:00,0,0
style.css,72,css,6a82da8d,Jwanderer73,2026-04-07,22:30:45,-07:00,2026-04-07T22:30:45-07:00,0,0
style.css,73,css,6a82da8d,Jwanderer73,2026-04-07,22:30:45,-07:00,2026-04-07T22:30:45-07:00,0,2
style.css,74,css,6a82da8d,Jwanderer73,2026-04-07,22:30:45,-07:00,2026-04-07T22:30:45-07:00,1,14
style.css,75,css,6a82da8d,Jwanderer73,2026-04-07,22:30:45,-07:00,2026-04-07T22:30:45-07:00,0,0
style.css,76,css,6a82da8d,Jwanderer73,2026-04-07,22:30:45,-07:00,2026-04-07T22:30:45-07:00,0,0
style.css,77,css,c3cacc2b,Jwanderer73,2026-04-07,19:53:45,-07:00,2026-04-07T19:53:45-07:00,0,31
style.css,78,css,c3cacc2b,Jwanderer73,2026-04-07,19:53:45,-07:00,2026-04-07T19:53:45-07:00,1,12
style.css,79,css,c3cacc2b,Jwanderer73,2026-04-07,19:53:45,-07:00,2026-04-07T19:53:45-07:00,0,0
style.css,80,css,c3cacc2b,Jwanderer73,2026-04-07,19:53:45,-07:00,2026-04-07T19:53:45-07:00,0,0
style.css,81,css,c3cacc2b,Jwanderer73,2026-04-07,19:53:45,-07:00,2026-04-07T19:53:45-07:00,0,4
style.css,82,css,c3cacc2b,Jwanderer73,2026-04-07,19:53:45,-07:00,2026-04-07T19:53:45-07:00,1,12
style.css,83,css,c3cacc2b,Jwanderer73,2026-04-07,19:53:45,-07:00,2026-04-07T19:53:45-07:00,1,50
style.css,84,css,c3cacc2b,Jwanderer73,2026-04-07,19:53:45,-07:00,2026-04-07T19:53:45-07:00,1,7
style.css,85,css,c3cacc2b,Jwanderer73,2026-04-07,19:53:45,-07:00,2026-04-07T19:53:45-07:00,0,0
style.css,86,css,c3cacc2b,Jwanderer73,2026-04-07,19:53:45,-07:00,2026-04-07T19:53:45-07:00,0,0
style.css,87,css,c3cacc2b,Jwanderer73,2026-04-07,19:53:45,-07:00,2026-04-07T19:53:45-07:00,0,5
style.css,88,css,c3cacc2b,Jwanderer73,2026-04-07,19:53:45,-07:00,2026-04-07T19:53:45-07:00,1,12
style.css,89,css,c3cacc2b,Jwanderer73,2026-04-07,19:53:45,-07:00,2026-04-07T19:53:45-07:00,1,29
style.css,90,css,c3cacc2b,Jwanderer73,2026-04-07,19:53:45,-07:00,2026-04-07T19:53:45-07:00,1,18
style.css,91,css,c3cacc2b,Jwanderer73,2026-04-07,19:53:45,-07:00,2026-04-07T19:53:45-07:00,0,0
style.css,92,css,c3cacc2b,Jwanderer73,2026-04-07,19:53:45,-07:00,2026-04-07T19:53:45-07:00,0,0
style.css,93,css,c3cacc2b,Jwanderer73,2026-04-07,19:53:45,-07:00,2026-04-07T19:53:45-07:00,0,25
style.css,94,css,c3cacc2b,Jwanderer73,2026-04-07,19:53:45,-07:00,2026-04-07T19:53:45-07:00,1,18
style.css,95,css,6a82da8d,Jwanderer73,2026-04-07,22:30:45,-07:00,2026-04-07T22:30:45-07:00,0,0
style.css,96,css,6a82da8d,Jwanderer73,2026-04-07,22:30:45,-07:00,2026-04-07T22:30:45-07:00,0,0
style.css,97,css,6a82da8d,Jwanderer73,2026-04-07,22:30:45,-07:00,2026-04-07T22:30:45-07:00,0,9
style.css,98,css,6a82da8d,Jwanderer73,2026-04-07,22:30:45,-07:00,2026-04-07T22:30:45-07:00,1,12
style.css,99,css,6a82da8d,Jwanderer73,2026-04-07,22:30:45,-07:00,2026-04-07T22:30:45-07:00,1,58
style.css,100,css,6a82da8d,Jwanderer73,2026-04-07,22:30:45,-07:00,2026-04-07T22:30:45-07:00,1,7
style.css,101,css,6a82da8d,Jwanderer73,2026-04-07,22:30:45,-07:00,2026-04-07T22:30:45-07:00,0,0
style.css,102,css,6a82da8d,Jwanderer73,2026-04-07,22:30:45,-07:00,2026-04-07T22:30:45-07:00,0,0
style.css,103,css,6a82da8d,Jwanderer73,2026-04-07,22:30:45,-07:00,2026-04-07T22:30:45-07:00,0,17
style.css,104,css,6a82da8d,Jwanderer73,2026-04-07,22:30:45,-07:00,2026-04-07T22:30:45-07:00,1,12
style.css,105,css,6a82da8d,Jwanderer73,2026-04-07,22:30:45,-07:00,2026-04-07T22:30:45-07:00,1,15
style.css,106,css,6a82da8d,Jwanderer73,2026-04-07,22:30:45,-07:00,2026-04-07T22:30:45-07:00,1,26
style.css,107,css,6a82da8d,Jwanderer73,2026-04-07,22:30:45,-07:00,2026-04-07T22:30:45-07:00,0,0
style.css,108,css,6a82da8d,Jwanderer73,2026-04-07,22:30:45,-07:00,2026-04-07T22:30:45-07:00,0,0
style.css,109,css,3976da92,Jwanderer73,2026-05-01,00:47:29,-07:00,2026-05-01T00:47:29-07:00,0,13
style.css,110,css,3976da92,Jwanderer73,2026-05-01,00:47:29,-07:00,2026-05-01T00:47:29-07:00,1,12
style.css,111,css,3976da92,Jwanderer73,2026-05-01,00:47:29,-07:00,2026-05-01T00:47:29-07:00,1,21
style.css,112,css,3976da92,Jwanderer73,2026-05-01,00:47:29,-07:00,2026-05-01T00:47:29-07:00,0,0
style.css,113,css,3976da92,Jwanderer73,2026-05-01,00:47:29,-07:00,2026-05-01T00:47:29-07:00,0,0
style.css,114,css,3976da92,Jwanderer73,2026-05-01,00:47:29,-07:00,2026-05-01T00:47:29-07:00,0,13
style.css,115,css,3976da92,Jwanderer73,2026-05-01,00:47:29,-07:00,2026-05-01T00:47:29-07:00,1,15
style.css,116,css,3976da92,Jwanderer73,2026-05-01,00:47:29,-07:00,2026-05-01T00:47:29-07:00,1,33
style.css,117,css,3976da92,Jwanderer73,2026-05-01,00:47:29,-07:00,2026-05-01T00:47:29-07:00,1,25
style.css,118,css,3976da92,Jwanderer73,2026-05-01,00:47:29,-07:00,2026-05-01T00:47:29-07:00,1,11
style.css,119,css,3976da92,Jwanderer73,2026-05-01,00:47:29,-07:00,2026-05-01T00:47:29-07:00,1,17
style.css,120,css,3976da92,Jwanderer73,2026-05-01,00:47:29,-07:00,2026-05-01T00:47:29-07:00,1,15
style.css,121,css,3976da92,Jwanderer73,2026-05-01,00:47:29,-07:00,2026-05-01T00:47:29-07:00,1,18
style.css,122,css,3976da92,Jwanderer73,2026-05-01,00:47:29,-07:00,2026-05-01T00:47:29-07:00,0,0
style.css,123,css,3976da92,Jwanderer73,2026-05-01,00:47:29,-07:00,2026-05-01T00:47:29-07:00,0,0
style.css,124,css,df7a014b,Jwanderer73,2026-04-23,14:52:44,-07:00,2026-04-23T14:52:44-07:00,0,14
style.css,125,css,df7a014b,Jwanderer73,2026-04-23,14:52:44,-07:00,2026-04-23T14:52:44-07:00,1,15
style.css,126,css,df7a014b,Jwanderer73,2026-04-23,14:52:44,-07:00,2026-04-23T14:52:44-07:00,0,0
style.css,127,css,df7a014b,Jwanderer73,2026-04-23,14:52:44,-07:00,2026-04-23T14:52:44-07:00,0,0
style.css,128,css,df7a014b,Jwanderer73,2026-04-23,14:52:44,-07:00,2026-04-23T14:52:44-07:00,0,17
style.css,129,css,df7a014b,Jwanderer73,2026-04-23,14:52:44,-07:00,2026-04-23T14:52:44-07:00,1,12
style.css,130,css,df7a014b,Jwanderer73,2026-04-23,14:52:44,-07:00,2026-04-23T14:52:44-07:00,1,36
style.css,131,css,df7a014b,Jwanderer73,2026-04-23,14:52:44,-07:00,2026-04-23T14:52:44-07:00,1,15
style.css,132,css,df7a014b,Jwanderer73,2026-04-23,14:52:44,-07:00,2026-04-23T14:52:44-07:00,1,17
style.css,133,css,df7a014b,Jwanderer73,2026-04-23,14:52:44,-07:00,2026-04-23T14:52:44-07:00,1,36
style.css,134,css,df7a014b,Jwanderer73,2026-04-23,14:52:44,-07:00,2026-04-23T14:52:44-07:00,1,41
style.css,135,css,df7a014b,Jwanderer73,2026-04-23,14:52:44,-07:00,2026-04-23T14:52:44-07:00,1,17
style.css,136,css,df7a014b,Jwanderer73,2026-04-23,14:52:44,-07:00,2026-04-23T14:52:44-07:00,1,15
style.css,137,css,df7a014b,Jwanderer73,2026-04-23,14:52:44,-07:00,2026-04-23T14:52:44-07:00,1,8
style.css,138,css,df7a014b,Jwanderer73,2026-04-23,14:52:44,-07:00,2026-04-23T14:52:44-07:00,0,0
style.css,139,css,df7a014b,Jwanderer73,2026-04-23,14:52:44,-07:00,2026-04-23T14:52:44-07:00,0,0
style.css,140,css,df7a014b,Jwanderer73,2026-04-23,14:52:44,-07:00,2026-04-23T14:52:44-07:00,0,17
style.css,141,css,df7a014b,Jwanderer73,2026-04-23,14:52:44,-07:00,2026-04-23T14:52:44-07:00,1,16
style.css,142,css,df7a014b,Jwanderer73,2026-04-23,14:52:44,-07:00,2026-04-23T14:52:44-07:00,1,24
style.css,143,css,df7a014b,Jwanderer73,2026-04-23,14:52:44,-07:00,2026-04-23T14:52:44-07:00,1,21
style.css,144,css,df7a014b,Jwanderer73,2026-04-23,14:52:44,-07:00,2026-04-23T14:52:44-07:00,1,11
style.css,145,css,df7a014b,Jwanderer73,2026-04-23,14:52:44,-07:00,2026-04-23T14:52:44-07:00,1,10
style.css,146,css,df7a014b,Jwanderer73,2026-04-23,14:52:44,-07:00,2026-04-23T14:52:44-07:00,0,0
style.css,147,css,df7a014b,Jwanderer73,2026-04-23,14:52:44,-07:00,2026-04-23T14:52:44-07:00,0,0
style.css,148,css,df7a014b,Jwanderer73,2026-04-23,14:52:44,-07:00,2026-04-23T14:52:44-07:00,0,17
style.css,149,css,df7a014b,Jwanderer73,2026-04-23,14:52:44,-07:00,2026-04-23T14:52:44-07:00,1,13
style.css,150,css,df7a014b,Jwanderer73,2026-04-23,14:52:44,-07:00,2026-04-23T14:52:44-07:00,1,16
style.css,151,css,df7a014b,Jwanderer73,2026-04-23,14:52:44,-07:00,2026-04-23T14:52:44-07:00,1,25
style.css,152,css,df7a014b,Jwanderer73,2026-04-23,14:52:44,-07:00,2026-04-23T14:52:44-07:00,1,8
style.css,153,css,df7a014b,Jwanderer73,2026-04-23,14:52:44,-07:00,2026-04-23T14:52:44-07:00,1,10
style.css,154,css,df7a014b,Jwanderer73,2026-04-23,14:52:44,-07:00,2026-04-23T14:52:44-07:00,0,0
style.css,155,css,df7a014b,Jwanderer73,2026-04-23,14:52:44,-07:00,2026-04-23T14:52:44-07:00,0,0
style.css,156,css,6a82da8d,Jwanderer73,2026-04-07,22:30:45,-07:00,2026-04-07T22:30:45-07:00,0,22
style.css,157,css,6a82da8d,Jwanderer73,2026-04-07,22:30:45,-07:00,2026-04-07T22:30:45-07:00,0,15
style.css,158,css,6a82da8d,Jwanderer73,2026-04-07,22:30:45,-07:00,2026-04-07T22:30:45-07:00,1,12
style.css,159,css,6a82da8d,Jwanderer73,2026-04-07,22:30:45,-07:00,2026-04-07T22:30:45-07:00,1,29
style.css,160,css,6a82da8d,Jwanderer73,2026-04-07,22:30:45,-07:00,2026-04-07T22:30:45-07:00,1,20
style.css,161,css,6a82da8d,Jwanderer73,2026-04-07,22:30:45,-07:00,2026-04-07T22:30:45-07:00,0,0
style.css,162,css,6a82da8d,Jwanderer73,2026-04-07,22:30:45,-07:00,2026-04-07T22:30:45-07:00,0,0
style.css,163,css,6a82da8d,Jwanderer73,2026-04-07,22:30:45,-07:00,2026-04-07T22:30:45-07:00,0,9
style.css,164,css,6a82da8d,Jwanderer73,2026-04-07,22:30:45,-07:00,2026-04-07T22:30:45-07:00,1,17
style.css,165,css,6a82da8d,Jwanderer73,2026-04-07,22:30:45,-07:00,2026-04-07T22:30:45-07:00,1,15
style.css,166,css,6a82da8d,Jwanderer73,2026-04-07,22:30:45,-07:00,2026-04-07T22:30:45-07:00,1,18
style.css,167,css,6a82da8d,Jwanderer73,2026-04-07,22:30:45,-07:00,2026-04-07T22:30:45-07:00,0,0
style.css,168,css,6a82da8d,Jwanderer73,2026-04-07,22:30:45,-07:00,2026-04-07T22:30:45-07:00,0,0
style.css,169,css,6a82da8d,Jwanderer73,2026-04-07,22:30:45,-07:00,2026-04-07T22:30:45-07:00,0,5
style.css,170,css,6a82da8d,Jwanderer73,2026-04-07,22:30:45,-07:00,2026-04-07T22:30:45-07:00,1,15
style.css,171,css,6a82da8d,Jwanderer73,2026-04-07,22:30:45,-07:00,2026-04-07T22:30:45-07:00,1,10
style.css,172,css,6a82da8d,Jwanderer73,2026-04-07,22:30:45,-07:00,2026-04-07T22:30:45-07:00,1,18
style.css,173,css,6a82da8d,Jwanderer73,2026-04-07,22:30:45,-07:00,2026-04-07T22:30:45-07:00,1,15
style.css,174,css,6a82da8d,Jwanderer73,2026-04-07,22:30:45,-07:00,2026-04-07T22:30:45-07:00,0,0
style.css,175,css,6a82da8d,Jwanderer73,2026-04-07,22:30:45,-07:00,2026-04-07T22:30:45-07:00,0,0
style.css,176,css,6a82da8d,Jwanderer73,2026-04-07,22:30:45,-07:00,2026-04-07T22:30:45-07:00,0,0
style.css,177,css,6a82da8d,Jwanderer73,2026-04-07,22:30:45,-07:00,2026-04-07T22:30:45-07:00,0,6
style.css,178,css,6a82da8d,Jwanderer73,2026-04-07,22:30:45,-07:00,2026-04-07T22:30:45-07:00,1,17
style.css,179,css,6a82da8d,Jwanderer73,2026-04-07,22:30:45,-07:00,2026-04-07T22:30:45-07:00,1,31
style.css,180,css,6a82da8d,Jwanderer73,2026-04-07,22:30:45,-07:00,2026-04-07T22:30:45-07:00,1,19
style.css,181,css,6a82da8d,Jwanderer73,2026-04-07,22:30:45,-07:00,2026-04-07T22:30:45-07:00,1,18
style.css,182,css,6a82da8d,Jwanderer73,2026-04-07,22:30:45,-07:00,2026-04-07T22:30:45-07:00,0,0
style.css,183,css,6a82da8d,Jwanderer73,2026-04-07,22:30:45,-07:00,2026-04-07T22:30:45-07:00,0,0
style.css,184,css,6a82da8d,Jwanderer73,2026-04-07,22:30:45,-07:00,2026-04-07T22:30:45-07:00,0,2
style.css,185,css,6a82da8d,Jwanderer73,2026-04-07,22:30:45,-07:00,2026-04-07T22:30:45-07:00,1,31
style.css,186,css,6a82da8d,Jwanderer73,2026-04-07,22:30:45,-07:00,2026-04-07T22:30:45-07:00,1,18
style.css,187,css,6a82da8d,Jwanderer73,2026-04-07,22:30:45,-07:00,2026-04-07T22:30:45-07:00,1,13
style.css,188,css,6a82da8d,Jwanderer73,2026-04-07,22:30:45,-07:00,2026-04-07T22:30:45-07:00,1,24
style.css,189,css,6a82da8d,Jwanderer73,2026-04-07,22:30:45,-07:00,2026-04-07T22:30:45-07:00,1,18
style.css,190,css,6a82da8d,Jwanderer73,2026-04-07,22:30:45,-07:00,2026-04-07T22:30:45-07:00,0,0
style.css,191,css,6a82da8d,Jwanderer73,2026-04-07,22:30:45,-07:00,2026-04-07T22:30:45-07:00,0,0
style.css,192,css,6a82da8d,Jwanderer73,2026-04-07,22:30:45,-07:00,2026-04-07T22:30:45-07:00,0,13
style.css,193,css,6a82da8d,Jwanderer73,2026-04-07,22:30:45,-07:00,2026-04-07T22:30:45-07:00,1,15
style.css,194,css,6a82da8d,Jwanderer73,2026-04-07,22:30:45,-07:00,2026-04-07T22:30:45-07:00,1,15
style.css,195,css,6a82da8d,Jwanderer73,2026-04-07,22:30:45,-07:00,2026-04-07T22:30:45-07:00,0,0
style.css,196,css,6a82da8d,Jwanderer73,2026-04-07,22:30:45,-07:00,2026-04-07T22:30:45-07:00,0,0
style.css,197,css,6a82da8d,Jwanderer73,2026-04-07,22:30:45,-07:00,2026-04-07T22:30:45-07:00,0,15
style.css,198,css,6a82da8d,Jwanderer73,2026-04-07,22:30:45,-07:00,2026-04-07T22:30:45-07:00,1,13
style.css,199,css,6a82da8d,Jwanderer73,2026-04-07,22:30:45,-07:00,2026-04-07T22:30:45-07:00,1,20
style.css,200,css,6a82da8d,Jwanderer73,2026-04-07,22:30:45,-07:00,2026-04-07T22:30:45-07:00,0,0
style.css,201,css,6a82da8d,Jwanderer73,2026-04-07,22:30:45,-07:00,2026-04-07T22:30:45-07:00,0,0
style.css,202,css,6a82da8d,Jwanderer73,2026-04-07,22:30:45,-07:00,2026-04-07T22:30:45-07:00,0,8
style.css,203,css,6a82da8d,Jwanderer73,2026-04-07,22:30:45,-07:00,2026-04-07T22:30:45-07:00,1,18
style.css,204,css,6a82da8d,Jwanderer73,2026-04-07,22:30:45,-07:00,2026-04-07T22:30:45-07:00,0,0
style.css,205,css,6a82da8d,Jwanderer73,2026-04-07,22:30:45,-07:00,2026-04-07T22:30:45-07:00,0,0
style.css,206,css,6a82da8d,Jwanderer73,2026-04-07,22:30:45,-07:00,2026-04-07T22:30:45-07:00,0,12
style.css,207,css,6a82da8d,Jwanderer73,2026-04-07,22:30:45,-07:00,2026-04-07T22:30:45-07:00,1,12
style.css,208,css,6a82da8d,Jwanderer73,2026-04-07,22:30:45,-07:00,2026-04-07T22:30:45-07:00,1,29
style.css,209,css,6a82da8d,Jwanderer73,2026-04-07,22:30:45,-07:00,2026-04-07T22:30:45-07:00,1,20
style.css,210,css,6a82da8d,Jwanderer73,2026-04-07,22:30:45,-07:00,2026-04-07T22:30:45-07:00,1,16
style.css,211,css,6a82da8d,Jwanderer73,2026-04-07,22:30:45,-07:00,2026-04-07T22:30:45-07:00,1,17
style.css,212,css,6a82da8d,Jwanderer73,2026-04-07,22:30:45,-07:00,2026-04-07T22:30:45-07:00,0,0
style.css,213,css,6a82da8d,Jwanderer73,2026-04-07,22:30:45,-07:00,2026-04-07T22:30:45-07:00,0,0
style.css,214,css,6a82da8d,Jwanderer73,2026-04-07,22:30:45,-07:00,2026-04-07T22:30:45-07:00,0,9
style.css,215,css,6a82da8d,Jwanderer73,2026-04-07,22:30:45,-07:00,2026-04-07T22:30:45-07:00,1,17
style.css,216,css,6a82da8d,Jwanderer73,2026-04-07,22:30:45,-07:00,2026-04-07T22:30:45-07:00,1,18
style.css,217,css,6a82da8d,Jwanderer73,2026-04-07,22:30:45,-07:00,2026-04-07T22:30:45-07:00,0,0
style.css,218,css,6a82da8d,Jwanderer73,2026-04-07,22:30:45,-07:00,2026-04-07T22:30:45-07:00,0,0
style.css,219,css,6a82da8d,Jwanderer73,2026-04-07,22:30:45,-07:00,2026-04-07T22:30:45-07:00,0,5
style.css,220,css,6a82da8d,Jwanderer73,2026-04-07,22:30:45,-07:00,2026-04-07T22:30:45-07:00,1,10
style.css,221,css,6a82da8d,Jwanderer73,2026-04-07,22:30:45,-07:00,2026-04-07T22:30:45-07:00,1,24
style.css,222,css,6a82da8d,Jwanderer73,2026-04-07,22:30:45,-07:00,2026-04-07T22:30:45-07:00,1,15
style.css,223,css,6a82da8d,Jwanderer73,2026-04-07,22:30:45,-07:00,2026-04-07T22:30:45-07:00,0,0
style.css,224,css,6a82da8d,Jwanderer73,2026-04-07,22:30:45,-07:00,2026-04-07T22:30:45-07:00,0,0
style.css,225,css,6a82da8d,Jwanderer73,2026-04-07,22:30:45,-07:00,2026-04-07T22:30:45-07:00,0,6
style.css,226,css,6a82da8d,Jwanderer73,2026-04-07,22:30:45,-07:00,2026-04-07T22:30:45-07:00,1,15
style.css,227,css,6a82da8d,Jwanderer73,2026-04-07,22:30:45,-07:00,2026-04-07T22:30:45-07:00,1,12
style.css,228,css,6a82da8d,Jwanderer73,2026-04-07,22:30:45,-07:00,2026-04-07T22:30:45-07:00,1,24
style.css,229,css,6a82da8d,Jwanderer73,2026-04-07,22:30:45,-07:00,2026-04-07T22:30:45-07:00,0,0
style.css,230,css,6a82da8d,Jwanderer73,2026-04-07,22:30:45,-07:00,2026-04-07T22:30:45-07:00,0,0
style.css,231,css,6a82da8d,Jwanderer73,2026-04-07,22:30:45,-07:00,2026-04-07T22:30:45-07:00,0,2
style.css,232,css,6a82da8d,Jwanderer73,2026-04-07,22:30:45,-07:00,2026-04-07T22:30:45-07:00,1,24
style.css,233,css,6a82da8d,Jwanderer73,2026-04-07,22:30:45,-07:00,2026-04-07T22:30:45-07:00,1,9
style.css,234,css,6a82da8d,Jwanderer73,2026-04-07,22:30:45,-07:00,2026-04-07T22:30:45-07:00,0,0
style.css,235,css,6a82da8d,Jwanderer73,2026-04-07,22:30:45,-07:00,2026-04-07T22:30:45-07:00,0,0
style.css,236,css,6a82da8d,Jwanderer73,2026-04-07,22:30:45,-07:00,2026-04-07T22:30:45-07:00,0,12
style.css,237,css,6a82da8d,Jwanderer73,2026-04-07,22:30:45,-07:00,2026-04-07T22:30:45-07:00,1,20
style.css,238,css,6a82da8d,Jwanderer73,2026-04-07,22:30:45,-07:00,2026-04-07T22:30:45-07:00,1,14
style.css,239,css,6a82da8d,Jwanderer73,2026-04-07,22:30:45,-07:00,2026-04-07T22:30:45-07:00,0,0
style.css,240,css,6a82da8d,Jwanderer73,2026-04-07,22:30:45,-07:00,2026-04-07T22:30:45-07:00,0,0
style.css,241,css,6a82da8d,Jwanderer73,2026-04-07,22:30:45,-07:00,2026-04-07T22:30:45-07:00,0,15
style.css,242,css,6a82da8d,Jwanderer73,2026-04-07,22:30:45,-07:00,2026-04-07T22:30:45-07:00,1,17
style.css,243,css,6a82da8d,Jwanderer73,2026-04-07,22:30:45,-07:00,2026-04-07T22:30:45-07:00,0,0
style.css,244,css,6a82da8d,Jwanderer73,2026-04-07,22:30:45,-07:00,2026-04-07T22:30:45-07:00,0,0
style.css,245,css,6a82da8d,Jwanderer73,2026-04-07,22:30:45,-07:00,2026-04-07T22:30:45-07:00,0,51
style.css,246,css,6a82da8d,Jwanderer73,2026-04-07,22:30:45,-07:00,2026-04-07T22:30:45-07:00,0,17
style.css,247,css,6a82da8d,Jwanderer73,2026-04-07,22:30:45,-07:00,2026-04-07T22:30:45-07:00,1,41
style.css,248,css,6a82da8d,Jwanderer73,2026-04-07,22:30:45,-07:00,2026-04-07T22:30:45-07:00,1,33
style.css,249,css,6a82da8d,Jwanderer73,2026-04-07,22:30:45,-07:00,2026-04-07T22:30:45-07:00,1,20
style.css,250,css,6a82da8d,Jwanderer73,2026-04-07,22:30:45,-07:00,2026-04-07T22:30:45-07:00,1,17
style.css,251,css,6a82da8d,Jwanderer73,2026-04-07,22:30:45,-07:00,2026-04-07T22:30:45-07:00,1,32
style.css,252,css,6a82da8d,Jwanderer73,2026-04-07,22:30:45,-07:00,2026-04-07T22:30:45-07:00,0,0
style.css,253,css,6a82da8d,Jwanderer73,2026-04-07,22:30:45,-07:00,2026-04-07T22:30:45-07:00,0,0
style.css,254,css,6a82da8d,Jwanderer73,2026-04-07,22:30:45,-07:00,2026-04-07T22:30:45-07:00,0,23
style.css,255,css,6a82da8d,Jwanderer73,2026-04-07,22:30:45,-07:00,2026-04-07T22:30:45-07:00,1,36
style.css,256,css,6a82da8d,Jwanderer73,2026-04-07,22:30:45,-07:00,2026-04-07T22:30:45-07:00,0,0
style.css,257,css,6a82da8d,Jwanderer73,2026-04-07,22:30:45,-07:00,2026-04-07T22:30:45-07:00,0,0
style.css,258,css,6a82da8d,Jwanderer73,2026-04-07,22:30:45,-07:00,2026-04-07T22:30:45-07:00,0,40
style.css,259,css,6a82da8d,Jwanderer73,2026-04-07,22:30:45,-07:00,2026-04-07T22:30:45-07:00,0,20
style.css,260,css,6a82da8d,Jwanderer73,2026-04-07,22:30:45,-07:00,2026-04-07T22:30:45-07:00,1,25
style.css,261,css,6a82da8d,Jwanderer73,2026-04-07,22:30:45,-07:00,2026-04-07T22:30:45-07:00,0,0
style.css,262,css,6a82da8d,Jwanderer73,2026-04-07,22:30:45,-07:00,2026-04-07T22:30:45-07:00,0,0
style.css,263,css,6a82da8d,Jwanderer73,2026-04-07,22:30:45,-07:00,2026-04-07T22:30:45-07:00,0,28
style.css,264,css,6a82da8d,Jwanderer73,2026-04-07,22:30:45,-07:00,2026-04-07T22:30:45-07:00,0,9
style.css,265,css,6a82da8d,Jwanderer73,2026-04-07,22:30:45,-07:00,2026-04-07T22:30:45-07:00,1,16
style.css,266,css,6a82da8d,Jwanderer73,2026-04-07,22:30:45,-07:00,2026-04-07T22:30:45-07:00,1,18
style.css,267,css,6a82da8d,Jwanderer73,2026-04-07,22:30:45,-07:00,2026-04-07T22:30:45-07:00,1,24
style.css,268,css,6a82da8d,Jwanderer73,2026-04-07,22:30:45,-07:00,2026-04-07T22:30:45-07:00,1,13
style.css,269,css,6a82da8d,Jwanderer73,2026-04-07,22:30:45,-07:00,2026-04-07T22:30:45-07:00,0,0
style.css,270,css,6a82da8d,Jwanderer73,2026-04-07,22:30:45,-07:00,2026-04-07T22:30:45-07:00,0,0
style.css,271,css,6a82da8d,Jwanderer73,2026-04-07,22:30:45,-07:00,2026-04-07T22:30:45-07:00,0,33
style.css,272,css,6a82da8d,Jwanderer73,2026-04-07,22:30:45,-07:00,2026-04-07T22:30:45-07:00,0,10
style.css,273,css,6a82da8d,Jwanderer73,2026-04-07,22:30:45,-07:00,2026-04-07T22:30:45-07:00,1,15
style.css,274,css,6a82da8d,Jwanderer73,2026-04-07,22:30:45,-07:00,2026-04-07T22:30:45-07:00,1,9
style.css,275,css,6a82da8d,Jwanderer73,2026-04-07,22:30:45,-07:00,2026-04-07T22:30:45-07:00,1,12
style.css,276,css,6a82da8d,Jwanderer73,2026-04-07,22:30:45,-07:00,2026-04-07T22:30:45-07:00,1,14
style.css,277,css,6a82da8d,Jwanderer73,2026-04-07,22:30:45,-07:00,2026-04-07T22:30:45-07:00,1,10
style.css,278,css,6a82da8d,Jwanderer73,2026-04-07,22:30:45,-07:00,2026-04-07T22:30:45-07:00,0,0
style.css,279,css,6a82da8d,Jwanderer73,2026-04-07,22:30:45,-07:00,2026-04-07T22:30:45-07:00,0,0
style.css,280,css,6a82da8d,Jwanderer73,2026-04-07,22:30:45,-07:00,2026-04-07T22:30:45-07:00,0,10
style.css,281,css,6a82da8d,Jwanderer73,2026-04-07,22:30:45,-07:00,2026-04-07T22:30:45-07:00,1,36
style.css,282,css,6a82da8d,Jwanderer73,2026-04-07,22:30:45,-07:00,2026-04-07T22:30:45-07:00,1,41
style.css,283,css,6a82da8d,Jwanderer73,2026-04-07,22:30:45,-07:00,2026-04-07T22:30:45-07:00,1,19
style.css,284,css,6a82da8d,Jwanderer73,2026-04-07,22:30:45,-07:00,2026-04-07T22:30:45-07:00,1,23
style.css,285,css,6a82da8d,Jwanderer73,2026-04-07,22:30:45,-07:00,2026-04-07T22:30:45-07:00,1,16
style.css,286,css,6a82da8d,Jwanderer73,2026-04-07,22:30:45,-07:00,2026-04-07T22:30:45-07:00,0,0
style.css,287,css,6a82da8d,Jwanderer73,2026-04-07,22:30:45,-07:00,2026-04-07T22:30:45-07:00,0,0
style.css,288,css,6a82da8d,Jwanderer73,2026-04-07,22:30:45,-07:00,2026-04-07T22:30:45-07:00,0,16
style.css,289,css,6a82da8d,Jwanderer73,2026-04-07,22:30:45,-07:00,2026-04-07T22:30:45-07:00,0,12
style.css,290,css,6a82da8d,Jwanderer73,2026-04-07,22:30:45,-07:00,2026-04-07T22:30:45-07:00,1,28
style.css,291,css,6a82da8d,Jwanderer73,2026-04-07,22:30:45,-07:00,2026-04-07T22:30:45-07:00,1,35
style.css,292,css,6a82da8d,Jwanderer73,2026-04-07,22:30:45,-07:00,2026-04-07T22:30:45-07:00,1,40
style.css,293,css,6a82da8d,Jwanderer73,2026-04-07,22:30:45,-07:00,2026-04-07T22:30:45-07:00,1,42
style.css,294,css,3976da92,Jwanderer73,2026-05-01,00:47:29,-07:00,2026-05-01T00:47:29-07:00,0,0
style.css,295,css,3976da92,Jwanderer73,2026-05-01,00:47:29,-07:00,2026-05-01T00:47:29-07:00,0,16
style.css,296,css,3976da92,Jwanderer73,2026-05-01,00:47:29,-07:00,2026-05-01T00:47:29-07:00,1,12
style.css,297,css,3976da92,Jwanderer73,2026-05-01,00:47:29,-07:00,2026-05-01T00:47:29-07:00,1,18
style.css,298,css,3976da92,Jwanderer73,2026-05-01,00:47:29,-07:00,2026-05-01T00:47:29-07:00,1,7
style.css,299,css,3976da92,Jwanderer73,2026-05-01,00:47:29,-07:00,2026-05-01T00:47:29-07:00,0,0
style.css,300,css,3976da92,Jwanderer73,2026-05-01,00:47:29,-07:00,2026-05-01T00:47:29-07:00,0,0
style.css,301,css,3976da92,Jwanderer73,2026-05-01,00:47:29,-07:00,2026-05-01T00:47:29-07:00,0,18
style.css,302,css,3976da92,Jwanderer73,2026-05-01,00:47:29,-07:00,2026-05-01T00:47:29-07:00,1,14
style.css,303,css,3976da92,Jwanderer73,2026-05-01,00:47:29,-07:00,2026-05-01T00:47:29-07:00,1,16
style.css,304,css,3976da92,Jwanderer73,2026-05-01,00:47:29,-07:00,2026-05-01T00:47:29-07:00,1,16
style.css,305,css,3976da92,Jwanderer73,2026-05-01,00:47:29,-07:00,2026-05-01T00:47:29-07:00,0,0
style.css,306,css,3976da92,Jwanderer73,2026-05-01,00:47:29,-07:00,2026-05-01T00:47:29-07:00,0,0
style.css,307,css,3976da92,Jwanderer73,2026-05-01,00:47:29,-07:00,2026-05-01T00:47:29-07:00,0,7
style.css,308,css,3976da92,Jwanderer73,2026-05-01,00:47:29,-07:00,2026-05-01T00:47:29-07:00,1,15
style.css,309,css,3976da92,Jwanderer73,2026-05-01,00:47:29,-07:00,2026-05-01T00:47:29-07:00,1,9
style.css,310,css,3976da92,Jwanderer73,2026-05-01,00:47:29,-07:00,2026-05-01T00:47:29-07:00,1,8
style.css,311,css,3976da92,Jwanderer73,2026-05-01,00:47:29,-07:00,2026-05-01T00:47:29-07:00,1,12
style.css,312,css,3976da92,Jwanderer73,2026-05-01,00:47:29,-07:00,2026-05-01T00:47:29-07:00,1,21
style.css,313,css,3976da92,Jwanderer73,2026-05-01,00:47:29,-07:00,2026-05-01T00:47:29-07:00,1,9
style.css,314,css,3976da92,Jwanderer73,2026-05-01,00:47:29,-07:00,2026-05-01T00:47:29-07:00,1,15
style.css,315,css,3976da92,Jwanderer73,2026-05-01,00:47:29,-07:00,2026-05-01T00:47:29-07:00,0,0
style.css,316,css,3976da92,Jwanderer73,2026-05-01,00:47:29,-07:00,2026-05-01T00:47:29-07:00,0,0
style.css,317,css,3976da92,Jwanderer73,2026-05-01,00:47:29,-07:00,2026-05-01T00:47:29-07:00,0,10
style.css,318,css,3976da92,Jwanderer73,2026-05-01,00:47:29,-07:00,2026-05-01T00:47:29-07:00,1,12
style.css,319,css,3976da92,Jwanderer73,2026-05-01,00:47:29,-07:00,2026-05-01T00:47:29-07:00,1,18
style.css,320,css,3976da92,Jwanderer73,2026-05-01,00:47:29,-07:00,2026-05-01T00:47:29-07:00,1,9
style.css,321,css,3976da92,Jwanderer73,2026-05-01,00:47:29,-07:00,2026-05-01T00:47:29-07:00,0,0
style.css,322,css,3976da92,Jwanderer73,2026-05-01,00:47:29,-07:00,2026-05-01T00:47:29-07:00,0,0
style.css,323,css,3976da92,Jwanderer73,2026-05-01,00:47:29,-07:00,2026-05-01T00:47:29-07:00,0,15
style.css,324,css,3976da92,Jwanderer73,2026-05-01,00:47:29,-07:00,2026-05-01T00:47:29-07:00,1,20
style.css,325,css,3976da92,Jwanderer73,2026-05-01,00:47:29,-07:00,2026-05-01T00:47:29-07:00,1,9
style.css,326,css,3976da92,Jwanderer73,2026-05-01,00:47:29,-07:00,2026-05-01T00:47:29-07:00,1,10
style.css,327,css,3976da92,Jwanderer73,2026-05-01,00:47:29,-07:00,2026-05-01T00:47:29-07:00,1,17
style.css,328,css,3976da92,Jwanderer73,2026-05-01,00:47:29,-07:00,2026-05-01T00:47:29-07:00,1,29
style.css,329,css,3976da92,Jwanderer73,2026-05-01,00:47:29,-07:00,2026-05-01T00:47:29-07:00,1,13
style.css,330,css,3976da92,Jwanderer73,2026-05-01,00:47:29,-07:00,2026-05-01T00:47:29-07:00,0,0
style.css,331,css,3976da92,Jwanderer73,2026-05-01,00:47:29,-07:00,2026-05-01T00:47:29-07:00,0,0
style.css,332,css,3976da92,Jwanderer73,2026-05-01,00:47:29,-07:00,2026-05-01T00:47:29-07:00,0,10
style.css,333,css,3976da92,Jwanderer73,2026-05-01,00:47:29,-07:00,2026-05-01T00:47:29-07:00,1,17
style.css,334,css,3976da92,Jwanderer73,2026-05-01,00:47:29,-07:00,2026-05-01T00:47:29-07:00,1,11
style.css,335,css,e68538b1,Jwanderer73,2026-05-01,13:35:36,-07:00,2026-05-01T13:35:36-07:00,0,0
style.css,336,css,9704efd9,Jwanderer73,2026-05-01,13:43:56,-07:00,2026-05-01T13:43:56-07:00,0,51
style.css,337,css,9704efd9,Jwanderer73,2026-05-01,13:43:56,-07:00,2026-05-01T13:43:56-07:00,1,11
style.css,338,css,e68538b1,Jwanderer73,2026-05-01,13:35:36,-07:00,2026-05-01T13:35:36-07:00,0,0
style.css,339,css,9704efd9,Jwanderer73,2026-05-01,13:43:56,-07:00,2026-05-01T13:43:56-07:00,0,0
style.css,340,css,9704efd9,Jwanderer73,2026-05-01,13:43:56,-07:00,2026-05-01T13:43:56-07:00,0,23
style.css,341,css,e68538b1,Jwanderer73,2026-05-01,13:35:36,-07:00,2026-05-01T13:35:36-07:00,1,16
style.css,342,css,9704efd9,Jwanderer73,2026-05-01,13:43:56,-07:00,2026-05-01T13:43:56-07:00,1,14
style.css,343,css,9704efd9,Jwanderer73,2026-05-01,13:43:56,-07:00,2026-05-01T13:43:56-07:00,0,0
style.css,344,css,9704efd9,Jwanderer73,2026-05-01,13:43:56,-07:00,2026-05-01T13:43:56-07:00,0,53
style.css,345,css,9704efd9,Jwanderer73,2026-05-01,13:43:56,-07:00,2026-05-01T13:43:56-07:00,1,11
style.css,346,css,e68538b1,Jwanderer73,2026-05-01,13:35:36,-07:00,2026-05-01T13:35:36-07:00,0,0
style.css,347,css,e68538b1,Jwanderer73,2026-05-01,13:35:36,-07:00,2026-05-01T13:35:36-07:00,0,0
style.css,348,css,9704efd9,Jwanderer73,2026-05-01,13:43:56,-07:00,2026-05-01T13:43:56-07:00,0,19
style.css,349,css,9704efd9,Jwanderer73,2026-05-01,13:43:56,-07:00,2026-05-01T13:43:56-07:00,1,16
style.css,350,css,22397706,Jwanderer73,2026-04-07,00:46:37,-07:00,2026-04-07T00:46:37-07:00,0,0
index.js,1,js,df7a014b,Jwanderer73,2026-04-23,14:52:44,-07:00,2026-04-23T14:52:44-07:00,0,71
index.js,2,js,df7a014b,Jwanderer73,2026-04-23,14:52:44,-07:00,2026-04-23T14:52:44-07:00,0,54
index.js,3,js,df7a014b,Jwanderer73,2026-04-23,14:52:44,-07:00,2026-04-23T14:52:44-07:00,0,42
index.js,4,js,df7a014b,Jwanderer73,2026-04-23,14:52:44,-07:00,2026-04-23T14:52:44-07:00,0,60
index.js,5,js,df7a014b,Jwanderer73,2026-04-23,14:52:44,-07:00,2026-04-23T14:52:44-07:00,0,54
index.js,6,js,df7a014b,Jwanderer73,2026-04-23,14:52:44,-07:00,2026-04-23T14:52:44-07:00,0,54
index.js,7,js,df7a014b,Jwanderer73,2026-04-23,14:52:44,-07:00,2026-04-23T14:52:44-07:00,0,60
index.js,8,js,df7a014b,Jwanderer73,2026-04-23,14:52:44,-07:00,2026-04-23T14:52:44-07:00,0,17
index.js,9,js,df7a014b,Jwanderer73,2026-04-23,14:52:44,-07:00,2026-04-23T14:52:44-07:00,2,24
index.js,10,js,df7a014b,Jwanderer73,2026-04-23,14:52:44,-07:00,2026-04-23T14:52:44-07:00,5,2
index.js,11,js,df7a014b,Jwanderer73,2026-04-23,14:52:44,-07:00,2026-04-23T14:52:44-07:00,6,55
index.js,12,js,df7a014b,Jwanderer73,2026-04-23,14:52:44,-07:00,2026-04-23T14:52:44-07:00,6,55
index.js,13,js,df7a014b,Jwanderer73,2026-04-23,14:52:44,-07:00,2026-04-23T14:52:44-07:00,6,49
index.js,14,js,df7a014b,Jwanderer73,2026-04-23,14:52:44,-07:00,2026-04-23T14:52:44-07:00,6,49
index.js,15,js,df7a014b,Jwanderer73,2026-04-23,14:52:44,-07:00,2026-04-23T14:52:44-07:00,5,3
index.js,16,js,df7a014b,Jwanderer73,2026-04-23,14:52:44,-07:00,2026-04-23T14:52:44-07:00,3,0
index.js,17,js,df7a014b,Jwanderer73,2026-04-23,14:52:44,-07:00,2026-04-23T14:52:44-07:00,1,0
index.html,1,html,6448034,Jwanderer73,2026-04-01,17:42:09,-07:00,2026-04-01T17:42:09-07:00,0,13
index.html,2,html,6448034,Jwanderer73,2026-04-01,17:42:09,-07:00,2026-04-01T17:42:09-07:00,0,14
index.html,3,html,6448034,Jwanderer73,2026-04-01,17:42:09,-07:00,2026-04-01T17:42:09-07:00,0,4
index.html,4,html,6448034,Jwanderer73,2026-04-01,17:42:09,-07:00,2026-04-01T17:42:09-07:00,2,20
index.html,5,html,6448034,Jwanderer73,2026-04-01,17:42:09,-07:00,2026-04-01T17:42:09-07:00,2,68
index.html,6,html,6448034,Jwanderer73,2026-04-01,17:42:09,-07:00,2026-04-01T17:42:09-07:00,2,55
index.html,7,html,67603025,Jwanderer73,2026-04-01,20:18:55,-07:00,2026-04-01T20:18:55-07:00,2,38
index.html,8,html,9579fa2f,Jwanderer73,2026-04-14,17:25:40,-07:00,2026-04-14T17:25:40-07:00,2,45
index.html,9,html,df7a014b,Jwanderer73,2026-04-23,14:52:44,-07:00,2026-04-23T14:52:44-07:00,2,50
index.html,10,html,6448034,Jwanderer73,2026-04-01,17:42:09,-07:00,2026-04-01T17:42:09-07:00,0,5
index.html,11,html,6448034,Jwanderer73,2026-04-01,17:42:09,-07:00,2026-04-01T17:42:09-07:00,0,4
index.html,12,html,22397706,Jwanderer73,2026-04-07,00:46:37,-07:00,2026-04-07T00:46:37-07:00,2,20
index.html,13,html,22397706,Jwanderer73,2026-04-07,00:46:37,-07:00,2026-04-07T00:46:37-07:00,2,212
index.html,14,html,22397706,Jwanderer73,2026-04-07,00:46:37,-07:00,2026-04-07T00:46:37-07:00,2,87
index.html,15,html,df7a014b,Jwanderer73,2026-04-23,14:52:44,-07:00,2026-04-23T14:52:44-07:00,2,22
index.html,16,html,df7a014b,Jwanderer73,2026-04-23,14:52:44,-07:00,2026-04-23T14:52:44-07:00,0,20
index.html,17,html,df7a014b,Jwanderer73,2026-04-23,14:52:44,-07:00,2026-04-23T14:52:44-07:00,1,49
index.html,18,html,df7a014b,Jwanderer73,2026-04-23,14:52:44,-07:00,2026-04-23T14:52:44-07:00,0,4
index.html,19,html,df7a014b,Jwanderer73,2026-04-23,14:52:44,-07:00,2026-04-23T14:52:44-07:00,0,22
index.html,20,html,df7a014b,Jwanderer73,2026-04-23,14:52:44,-07:00,2026-04-23T14:52:44-07:00,1,49
index.html,21,html,df7a014b,Jwanderer73,2026-04-23,14:52:44,-07:00,2026-04-23T14:52:44-07:00,0,4
index.html,22,html,6448034,Jwanderer73,2026-04-01,17:42:09,-07:00,2026-04-01T17:42:09-07:00,0,5
index.html,23,html,6448034,Jwanderer73,2026-04-01,17:42:09,-07:00,2026-04-01T17:42:09-07:00,0,5
global.js,1,js,df7a014b,Jwanderer73,2026-04-23,14:52:44,-07:00,2026-04-23T14:52:44-07:00,0,25
global.js,2,js,9579fa2f,Jwanderer73,2026-04-14,17:25:40,-07:00,2026-04-14T17:25:40-07:00,0,0
global.js,3,js,9579fa2f,Jwanderer73,2026-04-14,17:25:40,-07:00,2026-04-14T17:25:40-07:00,0,41
global.js,4,js,9579fa2f,Jwanderer73,2026-04-14,17:25:40,-07:00,2026-04-14T17:25:40-07:00,1,52
global.js,5,js,9579fa2f,Jwanderer73,2026-04-14,17:25:40,-07:00,2026-04-14T17:25:40-07:00,0,0
global.js,6,js,9579fa2f,Jwanderer73,2026-04-14,17:25:40,-07:00,2026-04-14T17:25:40-07:00,0,11
global.js,7,js,9579fa2f,Jwanderer73,2026-04-14,17:25:40,-07:00,2026-04-14T17:25:40-07:00,2,25
global.js,8,js,9579fa2f,Jwanderer73,2026-04-14,17:25:40,-07:00,2026-04-14T17:25:40-07:00,2,38
global.js,9,js,9579fa2f,Jwanderer73,2026-04-14,17:25:40,-07:00,2026-04-14T17:25:40-07:00,2,34
global.js,10,js,9579fa2f,Jwanderer73,2026-04-14,17:25:40,-07:00,2026-04-14T17:25:40-07:00,2,36
global.js,11,js,9579fa2f,Jwanderer73,2026-04-14,17:25:40,-07:00,2026-04-14T17:25:40-07:00,2,57
global.js,12,js,9579fa2f,Jwanderer73,2026-04-14,17:25:40,-07:00,2026-04-14T17:25:40-07:00,1,0
global.js,13,js,9579fa2f,Jwanderer73,2026-04-14,17:25:40,-07:00,2026-04-14T17:25:40-07:00,0,88
global.js,14,js,9579fa2f,Jwanderer73,2026-04-14,17:25:40,-07:00,2026-04-14T17:25:40-07:00,1,3
global.js,15,js,9579fa2f,Jwanderer73,2026-04-14,17:25:40,-07:00,2026-04-14T17:25:40-07:00,1,14
global.js,16,js,9579fa2f,Jwanderer73,2026-04-14,17:25:40,-07:00,2026-04-14T17:25:40-07:00,0,0
global.js,17,js,9579fa2f,Jwanderer73,2026-04-14,17:25:40,-07:00,2026-04-14T17:25:40-07:00,0,38
global.js,18,js,9579fa2f,Jwanderer73,2026-04-14,17:25:40,-07:00,2026-04-14T17:25:40-07:00,0,25
global.js,19,js,9579fa2f,Jwanderer73,2026-04-14,17:25:40,-07:00,2026-04-14T17:25:40-07:00,0,20
global.js,20,js,9579fa2f,Jwanderer73,2026-04-14,17:25:40,-07:00,2026-04-14T17:25:40-07:00,2,61
global.js,21,js,9579fa2f,Jwanderer73,2026-04-14,17:25:40,-07:00,2026-04-14T17:25:40-07:00,2,18
global.js,22,js,9579fa2f,Jwanderer73,2026-04-14,17:25:40,-07:00,2026-04-14T17:25:40-07:00,2,34
global.js,23,js,9579fa2f,Jwanderer73,2026-04-14,17:25:40,-07:00,2026-04-14T17:25:40-07:00,2,11
global.js,24,js,9579fa2f,Jwanderer73,2026-04-14,17:25:40,-07:00,2026-04-14T17:25:40-07:00,2,20
global.js,25,js,9579fa2f,Jwanderer73,2026-04-14,17:25:40,-07:00,2026-04-14T17:25:40-07:00,2,29
global.js,26,js,9579fa2f,Jwanderer73,2026-04-14,17:25:40,-07:00,2026-04-14T17:25:40-07:00,4,18
global.js,27,js,9579fa2f,Jwanderer73,2026-04-14,17:25:40,-07:00,2026-04-14T17:25:40-07:00,4,28
global.js,28,js,9579fa2f,Jwanderer73,2026-04-14,17:25:40,-07:00,2026-04-14T17:25:40-07:00,3,0
global.js,29,js,9579fa2f,Jwanderer73,2026-04-14,17:25:40,-07:00,2026-04-14T17:25:40-07:00,2,65
global.js,30,js,9579fa2f,Jwanderer73,2026-04-14,17:25:40,-07:00,2026-04-14T17:25:40-07:00,4,25
global.js,31,js,9579fa2f,Jwanderer73,2026-04-14,17:25:40,-07:00,2026-04-14T17:25:40-07:00,3,0
global.js,32,js,9579fa2f,Jwanderer73,2026-04-14,17:25:40,-07:00,2026-04-14T17:25:40-07:00,2,12
global.js,33,js,9579fa2f,Jwanderer73,2026-04-14,17:25:40,-07:00,2026-04-14T17:25:40-07:00,1,0
global.js,34,js,680dbef9,Jwanderer73,2026-04-14,19:57:04,-07:00,2026-04-14T19:57:04-07:00,0,0
global.js,35,js,680dbef9,Jwanderer73,2026-04-14,19:57:04,-07:00,2026-04-14T19:57:04-07:00,0,22
global.js,36,js,680dbef9,Jwanderer73,2026-04-14,19:57:04,-07:00,2026-04-14T19:57:04-07:00,0,50
global.js,37,js,680dbef9,Jwanderer73,2026-04-14,19:57:04,-07:00,2026-04-14T19:57:04-07:00,0,37
global.js,38,js,680dbef9,Jwanderer73,2026-04-14,19:57:04,-07:00,2026-04-14T19:57:04-07:00,0,40
global.js,39,js,680dbef9,Jwanderer73,2026-04-14,19:57:04,-07:00,2026-04-14T19:57:04-07:00,0,0
global.js,40,js,680dbef9,Jwanderer73,2026-04-14,19:57:04,-07:00,2026-04-14T19:57:04-07:00,0,46
global.js,41,js,680dbef9,Jwanderer73,2026-04-14,19:57:04,-07:00,2026-04-14T19:57:04-07:00,0,25
global.js,42,js,680dbef9,Jwanderer73,2026-04-14,19:57:04,-07:00,2026-04-14T19:57:04-07:00,0,18
global.js,43,js,680dbef9,Jwanderer73,2026-04-14,19:57:04,-07:00,2026-04-14T19:57:04-07:00,1,38
global.js,44,js,680dbef9,Jwanderer73,2026-04-14,19:57:04,-07:00,2026-04-14T19:57:04-07:00,1,34
global.js,45,js,680dbef9,Jwanderer73,2026-04-14,19:57:04,-07:00,2026-04-14T19:57:04-07:00,1,32
global.js,46,js,680dbef9,Jwanderer73,2026-04-14,19:57:04,-07:00,2026-04-14T19:57:04-07:00,0,0
global.js,47,js,680dbef9,Jwanderer73,2026-04-14,19:57:04,-07:00,2026-04-14T19:57:04-07:00,0,0
global.js,48,js,680dbef9,Jwanderer73,2026-04-14,19:57:04,-07:00,2026-04-14T19:57:04-07:00,0,70
global.js,49,js,680dbef9,Jwanderer73,2026-04-14,19:57:04,-07:00,2026-04-14T19:57:04-07:00,0,55
global.js,50,js,680dbef9,Jwanderer73,2026-04-14,19:57:04,-07:00,2026-04-14T19:57:04-07:00,0,25
global.js,51,js,680dbef9,Jwanderer73,2026-04-14,19:57:04,-07:00,2026-04-14T19:57:04-07:00,0,0
global.js,52,js,680dbef9,Jwanderer73,2026-04-14,19:57:04,-07:00,2026-04-14T19:57:04-07:00,0,39
global.js,53,js,680dbef9,Jwanderer73,2026-04-14,19:57:04,-07:00,2026-04-14T19:57:04-07:00,1,56
global.js,54,js,680dbef9,Jwanderer73,2026-04-14,19:57:04,-07:00,2026-04-14T19:57:04-07:00,1,48
global.js,55,js,680dbef9,Jwanderer73,2026-04-14,19:57:04,-07:00,2026-04-14T19:57:04-07:00,0,1
global.js,56,js,680dbef9,Jwanderer73,2026-04-14,19:57:04,-07:00,2026-04-14T19:57:04-07:00,0,0
global.js,57,js,680dbef9,Jwanderer73,2026-04-14,19:57:04,-07:00,2026-04-14T19:57:04-07:00,0,25
global.js,58,js,680dbef9,Jwanderer73,2026-04-14,19:57:04,-07:00,2026-04-14T19:57:04-07:00,0,32
global.js,59,js,680dbef9,Jwanderer73,2026-04-14,19:57:04,-07:00,2026-04-14T19:57:04-07:00,0,0
global.js,60,js,680dbef9,Jwanderer73,2026-04-14,19:57:04,-07:00,2026-04-14T19:57:04-07:00,0,67
global.js,61,js,680dbef9,Jwanderer73,2026-04-14,19:57:04,-07:00,2026-04-14T19:57:04-07:00,0,50
global.js,62,js,680dbef9,Jwanderer73,2026-04-14,19:57:04,-07:00,2026-04-14T19:57:04-07:00,0,15
global.js,63,js,680dbef9,Jwanderer73,2026-04-14,19:57:04,-07:00,2026-04-14T19:57:04-07:00,1,57
global.js,64,js,680dbef9,Jwanderer73,2026-04-14,19:57:04,-07:00,2026-04-14T19:57:04-07:00,1,43
global.js,65,js,680dbef9,Jwanderer73,2026-04-14,19:57:04,-07:00,2026-04-14T19:57:04-07:00,2,50
global.js,66,js,680dbef9,Jwanderer73,2026-04-14,19:57:04,-07:00,2026-04-14T19:57:04-07:00,1,1
global.js,67,js,680dbef9,Jwanderer73,2026-04-14,19:57:04,-07:00,2026-04-14T19:57:04-07:00,0,0
global.js,68,js,680dbef9,Jwanderer73,2026-04-14,19:57:04,-07:00,2026-04-14T19:57:04-07:00,1,38
global.js,69,js,680dbef9,Jwanderer73,2026-04-14,19:57:04,-07:00,2026-04-14T19:57:04-07:00,1,38
global.js,70,js,680dbef9,Jwanderer73,2026-04-14,19:57:04,-07:00,2026-04-14T19:57:04-07:00,2,17
global.js,71,js,680dbef9,Jwanderer73,2026-04-14,19:57:04,-07:00,2026-04-14T19:57:04-07:00,2,50
global.js,72,js,680dbef9,Jwanderer73,2026-04-14,19:57:04,-07:00,2026-04-14T19:57:04-07:00,2,75
global.js,73,js,680dbef9,Jwanderer73,2026-04-14,19:57:04,-07:00,2026-04-14T19:57:04-07:00,2,97
global.js,74,js,680dbef9,Jwanderer73,2026-04-14,19:57:04,-07:00,2026-04-14T19:57:04-07:00,2,82
global.js,75,js,680dbef9,Jwanderer73,2026-04-14,19:57:04,-07:00,2026-04-14T19:57:04-07:00,1,1
global.js,76,js,680dbef9,Jwanderer73,2026-04-14,19:57:04,-07:00,2026-04-14T19:57:04-07:00,0,0
global.js,77,js,df7a014b,Jwanderer73,2026-04-23,14:52:44,-07:00,2026-04-23T14:52:44-07:00,0,36
global.js,78,js,df7a014b,Jwanderer73,2026-04-23,14:52:44,-07:00,2026-04-23T14:52:44-07:00,1,3
global.js,79,js,df7a014b,Jwanderer73,2026-04-23,14:52:44,-07:00,2026-04-23T14:52:44-07:00,2,32
global.js,80,js,df7a014b,Jwanderer73,2026-04-23,14:52:44,-07:00,2026-04-23T14:52:44-07:00,2,17
global.js,81,js,df7a014b,Jwanderer73,2026-04-23,14:52:44,-07:00,2026-04-23T14:52:44-07:00,3,66
global.js,82,js,df7a014b,Jwanderer73,2026-04-23,14:52:44,-07:00,2026-04-23T14:52:44-07:00,2,0
global.js,83,js,df7a014b,Jwanderer73,2026-04-23,14:52:44,-07:00,2026-04-23T14:52:44-07:00,2,33
global.js,84,js,df7a014b,Jwanderer73,2026-04-23,14:52:44,-07:00,2026-04-23T14:52:44-07:00,2,10
global.js,85,js,df7a014b,Jwanderer73,2026-04-23,14:52:44,-07:00,2026-04-23T14:52:44-07:00,1,15
global.js,86,js,df7a014b,Jwanderer73,2026-04-23,14:52:44,-07:00,2026-04-23T14:52:44-07:00,2,59
global.js,87,js,df7a014b,Jwanderer73,2026-04-23,14:52:44,-07:00,2026-04-23T14:52:44-07:00,1,0
global.js,88,js,df7a014b,Jwanderer73,2026-04-23,14:52:44,-07:00,2026-04-23T14:52:44-07:00,0,0
global.js,89,js,df7a014b,Jwanderer73,2026-04-23,14:52:44,-07:00,2026-04-23T14:52:44-07:00,0,0
global.js,90,js,df7a014b,Jwanderer73,2026-04-23,14:52:44,-07:00,2026-04-23T14:52:44-07:00,0,79
global.js,91,js,df7a014b,Jwanderer73,2026-04-23,14:52:44,-07:00,2026-04-23T14:52:44-07:00,1,30
global.js,92,js,df7a014b,Jwanderer73,2026-04-23,14:52:44,-07:00,2026-04-23T14:52:44-07:00,1,31
global.js,93,js,df7a014b,Jwanderer73,2026-04-23,14:52:44,-07:00,2026-04-23T14:52:44-07:00,2,48
global.js,94,js,df7a014b,Jwanderer73,2026-04-23,14:52:44,-07:00,2026-04-23T14:52:44-07:00,2,19
global.js,95,js,df7a014b,Jwanderer73,2026-04-23,14:52:44,-07:00,2026-04-23T14:52:44-07:00,3,49
global.js,96,js,df7a014b,Jwanderer73,2026-04-23,14:52:44,-07:00,2026-04-23T14:52:44-07:00,3,49
global.js,97,js,3976da92,Jwanderer73,2026-05-01,00:47:29,-07:00,2026-05-01T00:47:29-07:00,3,24
global.js,98,js,3976da92,Jwanderer73,2026-05-01,00:47:29,-07:00,2026-05-01T00:47:29-07:00,4,27
global.js,99,js,3976da92,Jwanderer73,2026-05-01,00:47:29,-07:00,2026-05-01T00:47:29-07:00,4,102
global.js,100,js,3976da92,Jwanderer73,2026-05-01,00:47:29,-07:00,2026-05-01T00:47:29-07:00,3,4
global.js,101,js,df7a014b,Jwanderer73,2026-04-23,14:52:44,-07:00,2026-04-23T14:52:44-07:00,2,0
global.js,102,js,df7a014b,Jwanderer73,2026-04-23,14:52:44,-07:00,2026-04-23T14:52:44-07:00,2,36
global.js,103,js,df7a014b,Jwanderer73,2026-04-23,14:52:44,-07:00,2026-04-23T14:52:44-07:00,1,0
global.js,104,js,df7a014b,Jwanderer73,2026-04-23,14:52:44,-07:00,2026-04-23T14:52:44-07:00,0,0
global.js,105,js,df7a014b,Jwanderer73,2026-04-23,14:52:44,-07:00,2026-04-23T14:52:44-07:00,0,0
global.js,106,js,df7a014b,Jwanderer73,2026-04-23,14:52:44,-07:00,2026-04-23T14:52:44-07:00,0,47
global.js,107,js,df7a014b,Jwanderer73,2026-04-23,14:52:44,-07:00,2026-04-23T14:52:44-07:00,1,59
global.js,108,js,df7a014b,Jwanderer73,2026-04-23,14:52:44,-07:00,2026-04-23T14:52:44-07:00,0,0
resume/index.html,1,html,060ee3c4,Jwanderer73,2026-04-01,20:52:19,-07:00,2026-04-01T20:52:19-07:00,0,13
resume/index.html,2,html,060ee3c4,Jwanderer73,2026-04-01,20:52:19,-07:00,2026-04-01T20:52:19-07:00,0,14
resume/index.html,3,html,060ee3c4,Jwanderer73,2026-04-01,20:52:19,-07:00,2026-04-01T20:52:19-07:00,0,4
resume/index.html,4,html,060ee3c4,Jwanderer73,2026-04-01,20:52:19,-07:00,2026-04-01T20:52:19-07:00,2,20
resume/index.html,5,html,060ee3c4,Jwanderer73,2026-04-01,20:52:19,-07:00,2026-04-01T20:52:19-07:00,2,68
resume/index.html,6,html,060ee3c4,Jwanderer73,2026-04-01,20:52:19,-07:00,2026-04-01T20:52:19-07:00,2,55
resume/index.html,7,html,22397706,Jwanderer73,2026-04-07,00:46:37,-07:00,2026-04-07T00:46:37-07:00,2,41
resume/index.html,8,html,9579fa2f,Jwanderer73,2026-04-14,17:25:40,-07:00,2026-04-14T17:25:40-07:00,2,48
resume/index.html,9,html,060ee3c4,Jwanderer73,2026-04-01,20:52:19,-07:00,2026-04-01T20:52:19-07:00,0,5
resume/index.html,10,html,20565981,Jwanderer73,2026-04-01,20:57:08,-07:00,2026-04-01T20:57:08-07:00,0,4
resume/index.html,11,html,060ee3c4,Jwanderer73,2026-04-01,20:52:19,-07:00,2026-04-01T20:52:19-07:00,2,6
resume/index.html,12,html,20565981,Jwanderer73,2026-04-01,20:57:08,-07:00,2026-04-01T20:57:08-07:00,3,20
resume/index.html,13,html,060ee3c4,Jwanderer73,2026-04-01,20:52:19,-07:00,2026-04-01T20:52:19-07:00,2,7
resume/index.html,14,html,20565981,Jwanderer73,2026-04-01,20:57:08,-07:00,2026-04-01T20:57:08-07:00,1,0
resume/index.html,15,html,20565981,Jwanderer73,2026-04-01,20:57:08,-07:00,2026-04-01T20:57:08-07:00,2,22
resume/index.html,16,html,20565981,Jwanderer73,2026-04-01,20:57:08,-07:00,2026-04-01T20:57:08-07:00,3,16
resume/index.html,17,html,20565981,Jwanderer73,2026-04-01,20:57:08,-07:00,2026-04-01T20:57:08-07:00,3,7
resume/index.html,18,html,20565981,Jwanderer73,2026-04-01,20:57:08,-07:00,2026-04-01T20:57:08-07:00,4,26
resume/index.html,19,html,20565981,Jwanderer73,2026-04-01,20:57:08,-07:00,2026-04-01T20:57:08-07:00,5,42
resume/index.html,20,html,20565981,Jwanderer73,2026-04-01,20:57:08,-07:00,2026-04-01T20:57:08-07:00,5,41
resume/index.html,21,html,060ee3c4,Jwanderer73,2026-04-01,20:52:19,-07:00,2026-04-01T20:52:19-07:00,4,4
resume/index.html,22,html,6a82da8d,Jwanderer73,2026-04-07,22:30:45,-07:00,2026-04-07T22:30:45-07:00,4,26
resume/index.html,23,html,6a82da8d,Jwanderer73,2026-04-07,22:30:45,-07:00,2026-04-07T22:30:45-07:00,5,47
resume/index.html,24,html,6a82da8d,Jwanderer73,2026-04-07,22:30:45,-07:00,2026-04-07T22:30:45-07:00,5,38
resume/index.html,25,html,6a82da8d,Jwanderer73,2026-04-07,22:30:45,-07:00,2026-04-07T22:30:45-07:00,4,4
resume/index.html,26,html,060ee3c4,Jwanderer73,2026-04-01,20:52:19,-07:00,2026-04-01T20:52:19-07:00,4,0
resume/index.html,27,html,20565981,Jwanderer73,2026-04-01,20:57:08,-07:00,2026-04-01T20:57:08-07:00,4,36
resume/index.html,28,html,060ee3c4,Jwanderer73,2026-04-01,20:52:19,-07:00,2026-04-01T20:52:19-07:00,4,2
resume/index.html,29,html,20565981,Jwanderer73,2026-04-01,20:57:08,-07:00,2026-04-01T20:57:08-07:00,5,41
resume/index.html,30,html,20565981,Jwanderer73,2026-04-01,20:57:08,-07:00,2026-04-01T20:57:08-07:00,5,30
resume/index.html,31,html,20565981,Jwanderer73,2026-04-01,20:57:08,-07:00,2026-04-01T20:57:08-07:00,5,52
resume/index.html,32,html,20565981,Jwanderer73,2026-04-01,20:57:08,-07:00,2026-04-01T20:57:08-07:00,5,39
resume/index.html,33,html,20565981,Jwanderer73,2026-04-01,20:57:08,-07:00,2026-04-01T20:57:08-07:00,5,45
resume/index.html,34,html,20565981,Jwanderer73,2026-04-01,20:57:08,-07:00,2026-04-01T20:57:08-07:00,5,55
resume/index.html,35,html,20565981,Jwanderer73,2026-04-01,20:57:08,-07:00,2026-04-01T20:57:08-07:00,5,33
resume/index.html,36,html,20565981,Jwanderer73,2026-04-01,20:57:08,-07:00,2026-04-01T20:57:08-07:00,5,39
resume/index.html,37,html,20565981,Jwanderer73,2026-04-01,20:57:08,-07:00,2026-04-01T20:57:08-07:00,5,58
resume/index.html,38,html,20565981,Jwanderer73,2026-04-01,20:57:08,-07:00,2026-04-01T20:57:08-07:00,5,37
resume/index.html,39,html,20565981,Jwanderer73,2026-04-01,20:57:08,-07:00,2026-04-01T20:57:08-07:00,5,39
resume/index.html,40,html,20565981,Jwanderer73,2026-04-01,20:57:08,-07:00,2026-04-01T20:57:08-07:00,5,36
resume/index.html,41,html,20565981,Jwanderer73,2026-04-01,20:57:08,-07:00,2026-04-01T20:57:08-07:00,5,33
resume/index.html,42,html,060ee3c4,Jwanderer73,2026-04-01,20:52:19,-07:00,2026-04-01T20:52:19-07:00,4,3
resume/index.html,43,html,20565981,Jwanderer73,2026-04-01,20:57:08,-07:00,2026-04-01T20:57:08-07:00,1,0
resume/index.html,44,html,20565981,Jwanderer73,2026-04-01,20:57:08,-07:00,2026-04-01T20:57:08-07:00,4,34
resume/index.html,45,html,060ee3c4,Jwanderer73,2026-04-01,20:52:19,-07:00,2026-04-01T20:52:19-07:00,4,2
resume/index.html,46,html,20565981,Jwanderer73,2026-04-01,20:57:08,-07:00,2026-04-01T20:57:08-07:00,5,47
resume/index.html,47,html,20565981,Jwanderer73,2026-04-01,20:57:08,-07:00,2026-04-01T20:57:08-07:00,5,46
resume/index.html,48,html,20565981,Jwanderer73,2026-04-01,20:57:08,-07:00,2026-04-01T20:57:08-07:00,5,34
resume/index.html,49,html,20565981,Jwanderer73,2026-04-01,20:57:08,-07:00,2026-04-01T20:57:08-07:00,5,38
resume/index.html,50,html,060ee3c4,Jwanderer73,2026-04-01,20:52:19,-07:00,2026-04-01T20:52:19-07:00,4,3
resume/index.html,51,html,20565981,Jwanderer73,2026-04-01,20:57:08,-07:00,2026-04-01T20:57:08-07:00,3,8
resume/index.html,52,html,20565981,Jwanderer73,2026-04-01,20:57:08,-07:00,2026-04-01T20:57:08-07:00,2,8
resume/index.html,53,html,20565981,Jwanderer73,2026-04-01,20:57:08,-07:00,2026-04-01T20:57:08-07:00,1,0
resume/index.html,54,html,20565981,Jwanderer73,2026-04-01,20:57:08,-07:00,2026-04-01T20:57:08-07:00,2,23
resume/index.html,55,html,20565981,Jwanderer73,2026-04-01,20:57:08,-07:00,2026-04-01T20:57:08-07:00,3,22
resume/index.html,56,html,20565981,Jwanderer73,2026-04-01,20:57:08,-07:00,2026-04-01T20:57:08-07:00,3,7
resume/index.html,57,html,20565981,Jwanderer73,2026-04-01,20:57:08,-07:00,2026-04-01T20:57:08-07:00,4,26
resume/index.html,58,html,6a82da8d,Jwanderer73,2026-04-07,22:30:45,-07:00,2026-04-07T22:30:45-07:00,5,90
resume/index.html,59,html,20565981,Jwanderer73,2026-04-01,20:57:08,-07:00,2026-04-01T20:57:08-07:00,5,17
resume/index.html,60,html,6a82da8d,Jwanderer73,2026-04-07,22:30:45,-07:00,2026-04-07T22:30:45-07:00,6,41
resume/index.html,61,html,20565981,Jwanderer73,2026-04-01,20:57:08,-07:00,2026-04-01T20:57:08-07:00,6,44
resume/index.html,62,html,20565981,Jwanderer73,2026-04-01,20:57:08,-07:00,2026-04-01T20:57:08-07:00,5,5
resume/index.html,63,html,060ee3c4,Jwanderer73,2026-04-01,20:52:19,-07:00,2026-04-01T20:52:19-07:00,4,4
resume/index.html,64,html,060ee3c4,Jwanderer73,2026-04-01,20:52:19,-07:00,2026-04-01T20:52:19-07:00,4,2
resume/index.html,65,html,20565981,Jwanderer73,2026-04-01,20:57:08,-07:00,2026-04-01T20:57:08-07:00,5,107
resume/index.html,66,html,20565981,Jwanderer73,2026-04-01,20:57:08,-07:00,2026-04-01T20:57:08-07:00,5,110
resume/index.html,67,html,060ee3c4,Jwanderer73,2026-04-01,20:52:19,-07:00,2026-04-01T20:52:19-07:00,4,3
resume/index.html,68,html,20565981,Jwanderer73,2026-04-01,20:57:08,-07:00,2026-04-01T20:57:08-07:00,3,8
resume/index.html,69,html,20565981,Jwanderer73,2026-04-01,20:57:08,-07:00,2026-04-01T20:57:08-07:00,2,8
resume/index.html,70,html,20565981,Jwanderer73,2026-04-01,20:57:08,-07:00,2026-04-01T20:57:08-07:00,1,0
resume/index.html,71,html,20565981,Jwanderer73,2026-04-01,20:57:08,-07:00,2026-04-01T20:57:08-07:00,2,23
resume/index.html,72,html,20565981,Jwanderer73,2026-04-01,20:57:08,-07:00,2026-04-01T20:57:08-07:00,3,18
resume/index.html,73,html,20565981,Jwanderer73,2026-04-01,20:57:08,-07:00,2026-04-01T20:57:08-07:00,3,0
resume/index.html,74,html,20565981,Jwanderer73,2026-04-01,20:57:08,-07:00,2026-04-01T20:57:08-07:00,3,7
resume/index.html,75,html,20565981,Jwanderer73,2026-04-01,20:57:08,-07:00,2026-04-01T20:57:08-07:00,4,26
resume/index.html,76,html,20565981,Jwanderer73,2026-04-01,20:57:08,-07:00,2026-04-01T20:57:08-07:00,5,25
resume/index.html,77,html,20565981,Jwanderer73,2026-04-01,20:57:08,-07:00,2026-04-01T20:57:08-07:00,5,17
resume/index.html,78,html,20565981,Jwanderer73,2026-04-01,20:57:08,-07:00,2026-04-01T20:57:08-07:00,6,52
resume/index.html,79,html,20565981,Jwanderer73,2026-04-01,20:57:08,-07:00,2026-04-01T20:57:08-07:00,5,5
resume/index.html,80,html,060ee3c4,Jwanderer73,2026-04-01,20:52:19,-07:00,2026-04-01T20:52:19-07:00,4,4
resume/index.html,81,html,060ee3c4,Jwanderer73,2026-04-01,20:52:19,-07:00,2026-04-01T20:52:19-07:00,4,2
resume/index.html,82,html,20565981,Jwanderer73,2026-04-01,20:57:08,-07:00,2026-04-01T20:57:08-07:00,5,85
resume/index.html,83,html,20565981,Jwanderer73,2026-04-01,20:57:08,-07:00,2026-04-01T20:57:08-07:00,5,121
resume/index.html,84,html,060ee3c4,Jwanderer73,2026-04-01,20:52:19,-07:00,2026-04-01T20:52:19-07:00,4,3
resume/index.html,85,html,20565981,Jwanderer73,2026-04-01,20:57:08,-07:00,2026-04-01T20:57:08-07:00,3,8
resume/index.html,86,html,20565981,Jwanderer73,2026-04-01,20:57:08,-07:00,2026-04-01T20:57:08-07:00,1,0
resume/index.html,87,html,20565981,Jwanderer73,2026-04-01,20:57:08,-07:00,2026-04-01T20:57:08-07:00,3,7
resume/index.html,88,html,6a82da8d,Jwanderer73,2026-04-07,22:30:45,-07:00,2026-04-07T22:30:45-07:00,4,111
resume/index.html,89,html,060ee3c4,Jwanderer73,2026-04-01,20:52:19,-07:00,2026-04-01T20:52:19-07:00,4,2
resume/index.html,90,html,20565981,Jwanderer73,2026-04-01,20:57:08,-07:00,2026-04-01T20:57:08-07:00,5,118
resume/index.html,91,html,20565981,Jwanderer73,2026-04-01,20:57:08,-07:00,2026-04-01T20:57:08-07:00,5,112
resume/index.html,92,html,060ee3c4,Jwanderer73,2026-04-01,20:52:19,-07:00,2026-04-01T20:52:19-07:00,4,3
resume/index.html,93,html,20565981,Jwanderer73,2026-04-01,20:57:08,-07:00,2026-04-01T20:57:08-07:00,3,8
resume/index.html,94,html,20565981,Jwanderer73,2026-04-01,20:57:08,-07:00,2026-04-01T20:57:08-07:00,1,0
resume/index.html,95,html,20565981,Jwanderer73,2026-04-01,20:57:08,-07:00,2026-04-01T20:57:08-07:00,3,7
resume/index.html,96,html,6a82da8d,Jwanderer73,2026-04-07,22:30:45,-07:00,2026-04-07T22:30:45-07:00,4,78
resume/index.html,97,html,060ee3c4,Jwanderer73,2026-04-01,20:52:19,-07:00,2026-04-01T20:52:19-07:00,4,2
resume/index.html,98,html,20565981,Jwanderer73,2026-04-01,20:57:08,-07:00,2026-04-01T20:57:08-07:00,5,109
resume/index.html,99,html,20565981,Jwanderer73,2026-04-01,20:57:08,-07:00,2026-04-01T20:57:08-07:00,5,106
resume/index.html,100,html,060ee3c4,Jwanderer73,2026-04-01,20:52:19,-07:00,2026-04-01T20:52:19-07:00,4,3
resume/index.html,101,html,20565981,Jwanderer73,2026-04-01,20:57:08,-07:00,2026-04-01T20:57:08-07:00,3,8
resume/index.html,102,html,20565981,Jwanderer73,2026-04-01,20:57:08,-07:00,2026-04-01T20:57:08-07:00,1,0
resume/index.html,103,html,20565981,Jwanderer73,2026-04-01,20:57:08,-07:00,2026-04-01T20:57:08-07:00,3,7
resume/index.html,104,html,6a82da8d,Jwanderer73,2026-04-07,22:30:45,-07:00,2026-04-07T22:30:45-07:00,4,88
resume/index.html,105,html,20565981,Jwanderer73,2026-04-01,20:57:08,-07:00,2026-04-01T20:57:08-07:00,4,2
resume/index.html,106,html,20565981,Jwanderer73,2026-04-01,20:57:08,-07:00,2026-04-01T20:57:08-07:00,5,98
resume/index.html,107,html,20565981,Jwanderer73,2026-04-01,20:57:08,-07:00,2026-04-01T20:57:08-07:00,5,70
resume/index.html,108,html,20565981,Jwanderer73,2026-04-01,20:57:08,-07:00,2026-04-01T20:57:08-07:00,4,3
resume/index.html,109,html,20565981,Jwanderer73,2026-04-01,20:57:08,-07:00,2026-04-01T20:57:08-07:00,3,8
resume/index.html,110,html,20565981,Jwanderer73,2026-04-01,20:57:08,-07:00,2026-04-01T20:57:08-07:00,1,0
resume/index.html,111,html,20565981,Jwanderer73,2026-04-01,20:57:08,-07:00,2026-04-01T20:57:08-07:00,3,7
resume/index.html,112,html,6a82da8d,Jwanderer73,2026-04-07,22:30:45,-07:00,2026-04-07T22:30:45-07:00,4,88
resume/index.html,113,html,20565981,Jwanderer73,2026-04-01,20:57:08,-07:00,2026-04-01T20:57:08-07:00,4,2
resume/index.html,114,html,20565981,Jwanderer73,2026-04-01,20:57:08,-07:00,2026-04-01T20:57:08-07:00,5,132
resume/index.html,115,html,20565981,Jwanderer73,2026-04-01,20:57:08,-07:00,2026-04-01T20:57:08-07:00,5,129
resume/index.html,116,html,20565981,Jwanderer73,2026-04-01,20:57:08,-07:00,2026-04-01T20:57:08-07:00,4,3
resume/index.html,117,html,20565981,Jwanderer73,2026-04-01,20:57:08,-07:00,2026-04-01T20:57:08-07:00,3,8
resume/index.html,118,html,20565981,Jwanderer73,2026-04-01,20:57:08,-07:00,2026-04-01T20:57:08-07:00,2,8
resume/index.html,119,html,20565981,Jwanderer73,2026-04-01,20:57:08,-07:00,2026-04-01T20:57:08-07:00,1,0
resume/index.html,120,html,20565981,Jwanderer73,2026-04-01,20:57:08,-07:00,2026-04-01T20:57:08-07:00,2,19
resume/index.html,121,html,20565981,Jwanderer73,2026-04-01,20:57:08,-07:00,2026-04-01T20:57:08-07:00,3,22
resume/index.html,122,html,20565981,Jwanderer73,2026-04-01,20:57:08,-07:00,2026-04-01T20:57:08-07:00,3,7
resume/index.html,123,html,20565981,Jwanderer73,2026-04-01,20:57:08,-07:00,2026-04-01T20:57:08-07:00,4,2
resume/index.html,124,html,20565981,Jwanderer73,2026-04-01,20:57:08,-07:00,2026-04-01T20:57:08-07:00,5,82
resume/index.html,125,html,20565981,Jwanderer73,2026-04-01,20:57:08,-07:00,2026-04-01T20:57:08-07:00,5,97
resume/index.html,126,html,20565981,Jwanderer73,2026-04-01,20:57:08,-07:00,2026-04-01T20:57:08-07:00,5,111
resume/index.html,127,html,060ee3c4,Jwanderer73,2026-04-01,20:52:19,-07:00,2026-04-01T20:52:19-07:00,4,3
resume/index.html,128,html,20565981,Jwanderer73,2026-04-01,20:57:08,-07:00,2026-04-01T20:57:08-07:00,3,8
resume/index.html,129,html,20565981,Jwanderer73,2026-04-01,20:57:08,-07:00,2026-04-01T20:57:08-07:00,2,8
resume/index.html,130,html,20565981,Jwanderer73,2026-04-01,20:57:08,-07:00,2026-04-01T20:57:08-07:00,1,5
resume/index.html,131,html,060ee3c4,Jwanderer73,2026-04-01,20:52:19,-07:00,2026-04-01T20:52:19-07:00,0,5
projects/projects.js,1,js,df7a014b,Jwanderer73,2026-04-23,14:52:44,-07:00,2026-04-23T14:52:44-07:00,0,55
projects/projects.js,2,js,3976da92,Jwanderer73,2026-05-01,00:47:29,-07:00,2026-05-01T00:47:29-07:00,0,63
projects/projects.js,3,js,df7a014b,Jwanderer73,2026-04-23,14:52:44,-07:00,2026-04-23T14:52:44-07:00,0,0
projects/projects.js,4,js,df7a014b,Jwanderer73,2026-04-23,14:52:44,-07:00,2026-04-23T14:52:44-07:00,0,55
projects/projects.js,5,js,df7a014b,Jwanderer73,2026-04-23,14:52:44,-07:00,2026-04-23T14:52:44-07:00,0,60
projects/projects.js,6,js,df7a014b,Jwanderer73,2026-04-23,14:52:44,-07:00,2026-04-23T14:52:44-07:00,0,48
projects/projects.js,7,js,df7a014b,Jwanderer73,2026-04-23,14:52:44,-07:00,2026-04-23T14:52:44-07:00,0,0
projects/projects.js,8,js,df7a014b,Jwanderer73,2026-04-23,14:52:44,-07:00,2026-04-23T14:52:44-07:00,0,62
projects/projects.js,9,js,df7a014b,Jwanderer73,2026-04-23,14:52:44,-07:00,2026-04-23T14:52:44-07:00,0,18
projects/projects.js,10,js,df7a014b,Jwanderer73,2026-04-23,14:52:44,-07:00,2026-04-23T14:52:44-07:00,1,56
projects/projects.js,11,js,df7a014b,Jwanderer73,2026-04-23,14:52:44,-07:00,2026-04-23T14:52:44-07:00,0,0
projects/projects.js,12,js,e68538b1,Jwanderer73,2026-05-01,13:35:36,-07:00,2026-05-01T13:35:36-07:00,0,0
projects/projects.js,13,js,3976da92,Jwanderer73,2026-05-01,00:47:29,-07:00,2026-05-01T00:47:29-07:00,0,57
projects/projects.js,14,js,3976da92,Jwanderer73,2026-05-01,00:47:29,-07:00,2026-05-01T00:47:29-07:00,0,47
projects/projects.js,15,js,9704efd9,Jwanderer73,2026-05-01,13:43:56,-07:00,2026-05-01T13:43:56-07:00,0,22
projects/projects.js,16,js,9704efd9,Jwanderer73,2026-05-01,13:43:56,-07:00,2026-05-01T13:43:56-07:00,0,13
projects/projects.js,17,js,9704efd9,Jwanderer73,2026-05-01,13:43:56,-07:00,2026-05-01T13:43:56-07:00,0,0
projects/projects.js,18,js,9704efd9,Jwanderer73,2026-05-01,13:43:56,-07:00,2026-05-01T13:43:56-07:00,0,23
projects/projects.js,19,js,9704efd9,Jwanderer73,2026-05-01,13:43:56,-07:00,2026-05-01T13:43:56-07:00,1,48
projects/projects.js,20,js,9704efd9,Jwanderer73,2026-05-01,13:43:56,-07:00,2026-05-01T13:43:56-07:00,2,59
projects/projects.js,21,js,9704efd9,Jwanderer73,2026-05-01,13:43:56,-07:00,2026-05-01T13:43:56-07:00,2,42
projects/projects.js,22,js,9704efd9,Jwanderer73,2026-05-01,13:43:56,-07:00,2026-05-01T13:43:56-07:00,1,1
projects/projects.js,23,js,9704efd9,Jwanderer73,2026-05-01,13:43:56,-07:00,2026-05-01T13:43:56-07:00,0,0
projects/projects.js,24,js,9704efd9,Jwanderer73,2026-05-01,13:43:56,-07:00,2026-05-01T13:43:56-07:00,1,28
projects/projects.js,25,js,9704efd9,Jwanderer73,2026-05-01,13:43:56,-07:00,2026-05-01T13:43:56-07:00,0,0
projects/projects.js,26,js,9704efd9,Jwanderer73,2026-05-01,13:43:56,-07:00,2026-05-01T13:43:56-07:00,1,28
projects/projects.js,27,js,9704efd9,Jwanderer73,2026-05-01,13:43:56,-07:00,2026-05-01T13:43:56-07:00,2,52
projects/projects.js,28,js,9704efd9,Jwanderer73,2026-05-01,13:43:56,-07:00,2026-05-01T13:43:56-07:00,2,14
projects/projects.js,29,js,9704efd9,Jwanderer73,2026-05-01,13:43:56,-07:00,2026-05-01T13:43:56-07:00,1,49
projects/projects.js,30,js,9704efd9,Jwanderer73,2026-05-01,13:43:56,-07:00,2026-05-01T13:43:56-07:00,0,0
projects/projects.js,31,js,e68538b1,Jwanderer73,2026-05-01,13:35:36,-07:00,2026-05-01T13:35:36-07:00,0,0
projects/projects.js,32,js,e68538b1,Jwanderer73,2026-05-01,13:35:36,-07:00,2026-05-01T13:35:36-07:00,0,38
projects/projects.js,33,js,e68538b1,Jwanderer73,2026-05-01,13:35:36,-07:00,2026-05-01T13:35:36-07:00,1,29
projects/projects.js,34,js,e68538b1,Jwanderer73,2026-05-01,13:35:36,-07:00,2026-05-01T13:35:36-07:00,2,12
projects/projects.js,35,js,e68538b1,Jwanderer73,2026-05-01,13:35:36,-07:00,2026-05-01T13:35:36-07:00,2,14
projects/projects.js,36,js,e68538b1,Jwanderer73,2026-05-01,13:35:36,-07:00,2026-05-01T13:35:36-07:00,2,12
projects/projects.js,37,js,e68538b1,Jwanderer73,2026-05-01,13:35:36,-07:00,2026-05-01T13:35:36-07:00,1,26
projects/projects.js,38,js,e68538b1,Jwanderer73,2026-05-01,13:35:36,-07:00,2026-05-01T13:35:36-07:00,0,0
projects/projects.js,39,js,e68538b1,Jwanderer73,2026-05-01,13:35:36,-07:00,2026-05-01T13:35:36-07:00,1,70
projects/projects.js,40,js,e68538b1,Jwanderer73,2026-05-01,13:35:36,-07:00,2026-05-01T13:35:36-07:00,0,0
projects/projects.js,41,js,e68538b1,Jwanderer73,2026-05-01,13:35:36,-07:00,2026-05-01T13:35:36-07:00,1,53
projects/projects.js,42,js,e68538b1,Jwanderer73,2026-05-01,13:35:36,-07:00,2026-05-01T13:35:36-07:00,1,42
projects/projects.js,43,js,e68538b1,Jwanderer73,2026-05-01,13:35:36,-07:00,2026-05-01T13:35:36-07:00,1,51
projects/projects.js,44,js,e68538b1,Jwanderer73,2026-05-01,13:35:36,-07:00,2026-05-01T13:35:36-07:00,0,0
projects/projects.js,45,js,9704efd9,Jwanderer73,2026-05-01,13:43:56,-07:00,2026-05-01T13:43:56-07:00,1,40
projects/projects.js,46,js,9704efd9,Jwanderer73,2026-05-01,13:43:56,-07:00,2026-05-01T13:43:56-07:00,1,29
projects/projects.js,47,js,9704efd9,Jwanderer73,2026-05-01,13:43:56,-07:00,2026-05-01T13:43:56-07:00,1,32
projects/projects.js,48,js,9704efd9,Jwanderer73,2026-05-01,13:43:56,-07:00,2026-05-01T13:43:56-07:00,1,30
projects/projects.js,49,js,e68538b1,Jwanderer73,2026-05-01,13:35:36,-07:00,2026-05-01T13:35:36-07:00,0,0
projects/projects.js,50,js,e68538b1,Jwanderer73,2026-05-01,13:35:36,-07:00,2026-05-01T13:35:36-07:00,1,29
projects/projects.js,51,js,9704efd9,Jwanderer73,2026-05-01,13:43:56,-07:00,2026-05-01T13:43:56-07:00,2,53
projects/projects.js,52,js,9704efd9,Jwanderer73,2026-05-01,13:43:56,-07:00,2026-05-01T13:43:56-07:00,2,1
projects/projects.js,53,js,e68538b1,Jwanderer73,2026-05-01,13:35:36,-07:00,2026-05-01T13:35:36-07:00,3,13
projects/projects.js,54,js,e68538b1,Jwanderer73,2026-05-01,13:35:36,-07:00,2026-05-01T13:35:36-07:00,3,13
projects/projects.js,55,js,9704efd9,Jwanderer73,2026-05-01,13:43:56,-07:00,2026-05-01T13:43:56-07:00,3,24
projects/projects.js,56,js,9704efd9,Jwanderer73,2026-05-01,13:43:56,-07:00,2026-05-01T13:43:56-07:00,3,42
projects/projects.js,57,js,9704efd9,Jwanderer73,2026-05-01,13:43:56,-07:00,2026-05-01T13:43:56-07:00,3,18
projects/projects.js,58,js,9704efd9,Jwanderer73,2026-05-01,13:43:56,-07:00,2026-05-01T13:43:56-07:00,4,77
projects/projects.js,59,js,9704efd9,Jwanderer73,2026-05-01,13:43:56,-07:00,2026-05-01T13:43:56-07:00,4,13
projects/projects.js,60,js,9704efd9,Jwanderer73,2026-05-01,13:43:56,-07:00,2026-05-01T13:43:56-07:00,3,1
projects/projects.js,61,js,e68538b1,Jwanderer73,2026-05-01,13:35:36,-07:00,2026-05-01T13:35:36-07:00,1,1
projects/projects.js,62,js,e68538b1,Jwanderer73,2026-05-01,13:35:36,-07:00,2026-05-01T13:35:36-07:00,0,0
projects/projects.js,63,js,e68538b1,Jwanderer73,2026-05-01,13:35:36,-07:00,2026-05-01T13:35:36-07:00,1,27
projects/projects.js,64,js,e68538b1,Jwanderer73,2026-05-01,13:35:36,-07:00,2026-05-01T13:35:36-07:00,2,4
projects/projects.js,65,js,e68538b1,Jwanderer73,2026-05-01,13:35:36,-07:00,2026-05-01T13:35:36-07:00,3,11
projects/projects.js,66,js,e68538b1,Jwanderer73,2026-05-01,13:35:36,-07:00,2026-05-01T13:35:36-07:00,3,38
projects/projects.js,67,js,9704efd9,Jwanderer73,2026-05-01,13:43:56,-07:00,2026-05-01T13:43:56-07:00,3,56
projects/projects.js,68,js,e68538b1,Jwanderer73,2026-05-01,13:35:36,-07:00,2026-05-01T13:35:36-07:00,3,69
projects/projects.js,69,js,e68538b1,Jwanderer73,2026-05-01,13:35:36,-07:00,2026-05-01T13:35:36-07:00,1,1
projects/projects.js,70,js,e68538b1,Jwanderer73,2026-05-01,13:35:36,-07:00,2026-05-01T13:35:36-07:00,0,0
projects/projects.js,71,js,e68538b1,Jwanderer73,2026-05-01,13:35:36,-07:00,2026-05-01T13:35:36-07:00,0,0
projects/projects.js,72,js,9704efd9,Jwanderer73,2026-05-01,13:43:56,-07:00,2026-05-01T13:43:56-07:00,0,13
projects/projects.js,73,js,e68538b1,Jwanderer73,2026-05-01,13:35:36,-07:00,2026-05-01T13:35:36-07:00,0,0
projects/projects.js,74,js,e68538b1,Jwanderer73,2026-05-01,13:35:36,-07:00,2026-05-01T13:35:36-07:00,0,53
projects/projects.js,75,js,e68538b1,Jwanderer73,2026-05-01,13:35:36,-07:00,2026-05-01T13:35:36-07:00,0,49
projects/projects.js,76,js,9704efd9,Jwanderer73,2026-05-01,13:43:56,-07:00,2026-05-01T13:43:56-07:00,1,25
projects/projects.js,77,js,9704efd9,Jwanderer73,2026-05-01,13:43:56,-07:00,2026-05-01T13:43:56-07:00,1,13
projects/projects.js,78,js,3976da92,Jwanderer73,2026-05-01,00:47:29,-07:00,2026-05-01T00:47:29-07:00,0,1
projects/index.html,1,html,67603025,Jwanderer73,2026-04-01,20:18:55,-07:00,2026-04-01T20:18:55-07:00,0,13
projects/index.html,2,html,67603025,Jwanderer73,2026-04-01,20:18:55,-07:00,2026-04-01T20:18:55-07:00,0,14
projects/index.html,3,html,67603025,Jwanderer73,2026-04-01,20:18:55,-07:00,2026-04-01T20:18:55-07:00,0,4
projects/index.html,4,html,67603025,Jwanderer73,2026-04-01,20:18:55,-07:00,2026-04-01T20:18:55-07:00,2,20
projects/index.html,5,html,67603025,Jwanderer73,2026-04-01,20:18:55,-07:00,2026-04-01T20:18:55-07:00,2,68
projects/index.html,6,html,67603025,Jwanderer73,2026-04-01,20:18:55,-07:00,2026-04-01T20:18:55-07:00,2,55
projects/index.html,7,html,22397706,Jwanderer73,2026-04-07,00:46:37,-07:00,2026-04-07T00:46:37-07:00,2,41
projects/index.html,8,html,9579fa2f,Jwanderer73,2026-04-14,17:25:40,-07:00,2026-04-14T17:25:40-07:00,2,48
projects/index.html,9,html,3976da92,Jwanderer73,2026-05-01,00:47:29,-07:00,2026-05-01T00:47:29-07:00,2,70
projects/index.html,10,html,df7a014b,Jwanderer73,2026-04-23,14:52:44,-07:00,2026-04-23T14:52:44-07:00,2,47
projects/index.html,11,html,67603025,Jwanderer73,2026-04-01,20:18:55,-07:00,2026-04-01T20:18:55-07:00,0,5
projects/index.html,12,html,df7a014b,Jwanderer73,2026-04-23,14:52:44,-07:00,2026-04-23T14:52:44-07:00,0,4
projects/index.html,13,html,df7a014b,Jwanderer73,2026-04-23,14:52:44,-07:00,2026-04-23T14:52:44-07:00,2,38
projects/index.html,14,html,3976da92,Jwanderer73,2026-05-01,00:47:29,-07:00,2026-05-01T00:47:29-07:00,2,27
projects/index.html,15,html,3976da92,Jwanderer73,2026-05-01,00:47:29,-07:00,2026-05-01T00:47:29-07:00,3,58
projects/index.html,16,html,3976da92,Jwanderer73,2026-05-01,00:47:29,-07:00,2026-05-01T00:47:29-07:00,3,22
projects/index.html,17,html,3976da92,Jwanderer73,2026-05-01,00:47:29,-07:00,2026-05-01T00:47:29-07:00,2,4
projects/index.html,18,html,e68538b1,Jwanderer73,2026-05-01,13:35:36,-07:00,2026-05-01T13:35:36-07:00,2,4
projects/index.html,19,html,e68538b1,Jwanderer73,2026-05-01,13:35:36,-07:00,2026-05-01T13:35:36-07:00,1,15
projects/index.html,20,html,e68538b1,Jwanderer73,2026-05-01,13:35:36,-07:00,2026-05-01T13:35:36-07:00,1,11
projects/index.html,21,html,e68538b1,Jwanderer73,2026-05-01,13:35:36,-07:00,2026-05-01T13:35:36-07:00,1,26
projects/index.html,22,html,e68538b1,Jwanderer73,2026-05-01,13:35:36,-07:00,2026-05-01T13:35:36-07:00,1,31
projects/index.html,23,html,e68538b1,Jwanderer73,2026-05-01,13:35:36,-07:00,2026-05-01T13:35:36-07:00,0,0
projects/index.html,24,html,6a82da8d,Jwanderer73,2026-04-07,22:30:45,-07:00,2026-04-07T22:30:45-07:00,2,20
projects/index.html,25,html,6a82da8d,Jwanderer73,2026-04-07,22:30:45,-07:00,2026-04-07T22:30:45-07:00,2,4
projects/index.html,26,html,67603025,Jwanderer73,2026-04-01,20:18:55,-07:00,2026-04-01T20:18:55-07:00,0,5
projects/index.html,27,html,df7a014b,Jwanderer73,2026-04-23,14:52:44,-07:00,2026-04-23T14:52:44-07:00,0,5
contact/index.html,1,html,67603025,Jwanderer73,2026-04-01,20:18:55,-07:00,2026-04-01T20:18:55-07:00,0,13
contact/index.html,2,html,67603025,Jwanderer73,2026-04-01,20:18:55,-07:00,2026-04-01T20:18:55-07:00,0,14
contact/index.html,3,html,67603025,Jwanderer73,2026-04-01,20:18:55,-07:00,2026-04-01T20:18:55-07:00,0,4
contact/index.html,4,html,67603025,Jwanderer73,2026-04-01,20:18:55,-07:00,2026-04-01T20:18:55-07:00,2,20
contact/index.html,5,html,67603025,Jwanderer73,2026-04-01,20:18:55,-07:00,2026-04-01T20:18:55-07:00,2,68
contact/index.html,6,html,67603025,Jwanderer73,2026-04-01,20:18:55,-07:00,2026-04-01T20:18:55-07:00,2,55
contact/index.html,7,html,22397706,Jwanderer73,2026-04-07,00:46:37,-07:00,2026-04-07T00:46:37-07:00,2,41
contact/index.html,8,html,9579fa2f,Jwanderer73,2026-04-14,17:25:40,-07:00,2026-04-14T17:25:40-07:00,2,48
contact/index.html,9,html,67603025,Jwanderer73,2026-04-01,20:18:55,-07:00,2026-04-01T20:18:55-07:00,0,5
contact/index.html,10,html,67603025,Jwanderer73,2026-04-01,20:18:55,-07:00,2026-04-01T20:18:55-07:00,0,4
contact/index.html,11,html,22397706,Jwanderer73,2026-04-07,00:46:37,-07:00,2026-04-07T00:46:37-07:00,2,3
contact/index.html,12,html,67603025,Jwanderer73,2026-04-01,20:18:55,-07:00,2026-04-01T20:18:55-07:00,2,17
contact/index.html,13,html,680dbef9,Jwanderer73,2026-04-14,19:57:04,-07:00,2026-04-14T19:57:04-07:00,2,4
contact/index.html,14,html,c3cacc2b,Jwanderer73,2026-04-07,19:53:45,-07:00,2026-04-07T19:53:45-07:00,4,89
contact/index.html,15,html,c3cacc2b,Jwanderer73,2026-04-07,19:53:45,-07:00,2026-04-07T19:53:45-07:00,4,92
contact/index.html,16,html,c3cacc2b,Jwanderer73,2026-04-07,19:53:45,-07:00,2026-04-07T19:53:45-07:00,4,113
contact/index.html,17,html,67603025,Jwanderer73,2026-04-01,20:18:55,-07:00,2026-04-01T20:18:55-07:00,4,40
contact/index.html,18,html,67603025,Jwanderer73,2026-04-01,20:18:55,-07:00,2026-04-01T20:18:55-07:00,2,5
contact/index.html,19,html,67603025,Jwanderer73,2026-04-01,20:18:55,-07:00,2026-04-01T20:18:55-07:00,0,5
contact/index.html,20,html,67603025,Jwanderer73,2026-04-01,20:18:55,-07:00,2026-04-01T20:18:55-07:00,0,5
